Number of Drones,Attraction Constant,Repulsion Constant,Mean Final Percentage,Std Final Percentage,Mean Data Length,Std Data Length
5,0,0,0.0,0.0,742.87,79.13
5,0,20,0.17,0.65,761.13,63.29
5,0,40,0.1,0.39,740.73,101.79
5,0,60,0.8,2.19,722.93,88.48
5,0,80,2.0,7.47,731.27,78.31
5,0,100,0.0,0.0,715.67,82.04
5,0,120,2.93,6.11,758.27,90.25
5,0,140,1.93,5.17,737.53,43.36
5,0,160,2.67,5.76,728.27,63.36
5,0,180,2.13,7.09,786.53,65.88
5,0,200,1.5,3.31,775.6,28.9
5,0,220,1.53,3.49,806.13,60.83
5,0,240,2.27,5.44,810.8,71.56
5,0,260,1.17,2.68,816.53,36.96
5,0,280,4.43,8.52,815.93,76.32
5,0,300,4.67,12.62,824.93,67.21
5,0,320,3.97,10.19,804.0,58.54
5,0,340,0.3,0.8,823.47,58.4
5,0,360,1.43,2.67,834.07,69.94
5,0,380,1.5,2.18,851.13,70.28
5,0,400,2.47,3.68,835.33,53.53
5,20,0,2.6,6.91,712.8,93.21
5,20,20,1.27,4.1,730.67,84.93
5,20,40,2.27,5.0,749.67,96.23
5,20,60,3.33,6.61,702.53,71.6
5,20,80,3.17,5.52,666.73,82.05
5,20,100,3.73,6.4,747.8,98.18
5,20,120,3.87,7.37,722.73,78.16
5,20,140,3.3,4.58,730.07,69.65
5,20,160,3.07,5.41,751.6,55.6
5,20,180,9.97,11.27,783.4,56.71
5,20,200,1.47,3.4,756.2,79.01
5,20,220,2.87,6.38,779.47,61.73
5,20,240,3.0,7.4,815.4,66.11
5,20,260,5.9,7.29,791.27,57.88
5,20,280,2.83,5.01,799.93,56.71
5,20,300,5.03,9.37,818.0,69.52
5,20,320,6.2,7.24,816.67,66.05
5,20,340,6.0,8.24,807.6,40.44
5,20,360,2.57,6.06,809.53,59.06
5,20,380,4.7,8.55,824.13,66.38
5,20,400,2.87,4.9,835.67,56.2
5,40,0,12.93,13.12,791.67,97.74
5,40,20,12.27,11.64,773.53,100.34
5,40,40,13.67,15.36,782.0,78.88
5,40,60,11.4,12.58,725.27,76.93
5,40,80,14.43,14.39,753.13,84.0
5,40,100,14.1,14.05,743.33,82.77
5,40,120,12.73,11.7,726.07,86.43
5,40,140,6.67,9.22,778.4,112.11
5,40,160,15.83,14.34,764.47,91.22
5,40,180,14.13,13.31,731.67,55.61
5,40,200,6.73,8.23,773.27,105.41
5,40,220,11.53,10.97,801.53,76.34
5,40,240,10.57,10.62,773.53,75.72
5,40,260,11.37,15.74,774.87,54.9
5,40,280,10.87,9.0,795.07,62.37
5,40,300,10.97,11.87,828.87,59.06
5,40,320,10.37,10.55,819.07,51.2
5,40,340,6.03,6.77,819.2,71.43
5,40,360,8.53,10.04,833.87,78.36
5,40,380,6.27,7.8,845.0,71.79
5,40,400,10.13,9.55,826.4,56.43
5,60,0,22.97,11.47,740.8,54.14
5,60,20,30.57,12.95,759.73,86.59
5,60,40,27.63,14.75,717.07,87.06
5,60,60,29.6,16.36,724.87,84.55
5,60,80,27.4,18.25,761.87,93.72
5,60,100,24.8,15.8,765.13,84.43
5,60,120,28.03,17.29,729.87,72.21
5,60,140,25.73,18.0,743.27,94.54
5,60,160,22.87,18.45,743.27,70.02
5,60,180,19.97,12.82,777.6,118.79
5,60,200,24.4,15.01,754.2,98.87
5,60,220,23.8,16.35,761.8,81.12
5,60,240,19.27,15.11,789.6,68.06
5,60,260,14.3,9.0,808.4,103.56
5,60,280,26.0,16.79,783.27,59.02
5,60,300,16.93,15.4,795.0,83.35
5,60,320,21.93,12.87,781.67,38.19
5,60,340,15.8,11.56,807.0,81.58
5,60,360,12.43,13.24,794.4,72.74
5,60,380,22.23,17.65,849.4,80.38
5,60,400,13.5,15.89,827.07,59.2
5,80,0,24.9,16.93,750.33,83.67
5,80,20,27.63,15.2,784.87,128.25
5,80,40,31.63,15.96,796.4,94.2
5,80,60,33.07,16.61,739.4,113.8
5,80,80,34.2,13.85,744.13,85.72
5,80,100,27.67,18.15,747.4,81.51
5,80,120,23.87,14.84,825.73,101.32
5,80,140,37.23,15.73,782.47,114.82
5,80,160,25.5,15.91,783.0,101.41
5,80,180,31.27,14.98,767.53,108.11
5,80,200,29.37,15.97,784.33,53.26
5,80,220,23.9,13.11,789.33,84.88
5,80,240,24.97,13.53,805.4,50.58
5,80,260,20.7,11.3,784.8,92.31
5,80,280,22.07,15.31,824.87,119.74
5,80,300,25.97,10.47,810.53,107.09
5,80,320,19.3,13.57,839.33,94.24
5,80,340,29.6,17.2,836.73,73.27
5,80,360,20.6,12.61,830.47,94.71
5,80,380,16.03,5.55,827.47,67.06
5,80,400,27.17,13.42,855.0,78.01
5,100,0,31.4,16.23,808.53,115.53
5,100,20,30.4,15.33,749.8,99.37
5,100,40,37.13,12.11,789.2,116.31
5,100,60,32.1,15.57,746.67,82.75
5,100,80,36.07,17.53,809.6,97.94
5,100,100,32.97,16.3,817.87,138.42
5,100,120,26.83,14.77,717.73,94.7
5,100,140,33.53,17.07,744.13,77.13
5,100,160,31.93,14.8,813.2,69.19
5,100,180,31.73,18.45,815.53,92.28
5,100,200,34.03,15.82,799.13,96.47
5,100,220,26.17,14.58,796.27,77.58
5,100,240,20.5,13.61,806.4,77.62
5,100,260,19.4,14.74,804.27,70.68
5,100,280,27.23,11.6,804.4,92.32
5,100,300,27.23,19.71,801.87,100.66
5,100,320,26.47,15.75,834.47,92.99
5,100,340,22.67,12.16,811.13,74.93
5,100,360,27.07,13.36,826.93,74.12
5,100,380,24.27,14.13,796.93,83.34
5,100,400,20.6,13.03,846.67,95.2
5,120,0,29.77,11.42,764.0,86.32
5,120,20,28.4,16.08,818.6,102.04
5,120,40,31.3,16.38,760.33,85.23
5,120,60,36.7,15.11,778.87,120.44
5,120,80,35.1,15.55,779.53,98.92
5,120,100,38.4,14.86,785.2,96.97
5,120,120,35.43,14.24,751.87,71.78
5,120,140,32.4,12.21,815.33,132.22
5,120,160,31.9,13.96,815.0,94.43
5,120,180,33.3,18.93,808.93,86.27
5,120,200,27.97,15.2,786.33,97.89
5,120,220,32.23,11.92,803.07,106.85
5,120,240,28.77,14.0,784.67,103.7
5,120,260,29.97,12.41,818.27,69.56
5,120,280,33.6,18.05,814.47,130.47
5,120,300,25.47,14.75,792.73,79.06
5,120,320,22.03,13.47,785.13,69.58
5,120,340,24.6,16.83,812.87,105.49
5,120,360,29.77,14.24,859.27,94.65
5,120,380,23.4,18.28,809.87,82.35
5,120,400,26.27,17.52,795.53,80.04
5,140,0,19.57,11.69,811.93,126.3
5,140,20,29.33,20.72,727.4,85.92
5,140,40,35.2,23.16,812.2,118.55
5,140,60,33.47,15.79,763.4,109.12
5,140,80,38.27,14.75,764.73,134.95
5,140,100,33.87,15.3,816.6,123.35
5,140,120,32.4,14.92,797.8,129.3
5,140,140,37.93,11.13,806.07,112.07
5,140,160,40.07,13.29,826.93,116.59
5,140,180,34.43,10.88,822.87,96.02
5,140,200,43.6,14.7,847.2,138.86
5,140,220,42.13,17.03,766.13,101.65
5,140,240,36.3,13.34,815.6,121.86
5,140,260,40.4,21.31,831.87,95.07
5,140,280,31.7,13.58,830.13,107.88
5,140,300,36.27,17.33,828.47,79.53
5,140,320,33.6,12.86,817.27,95.03
5,140,340,29.23,16.11,858.07,120.35
5,140,360,30.53,12.96,830.67,93.68
5,140,380,24.97,12.69,821.13,123.49
5,140,400,31.0,11.68,862.87,94.3
5,160,0,19.53,12.85,809.6,117.27
5,160,20,25.0,14.44,780.4,95.48
5,160,40,26.7,22.55,775.6,106.25
5,160,60,29.47,12.11,771.47,97.19
5,160,80,30.5,21.99,773.33,80.72
5,160,100,31.03,17.42,779.13,86.12
5,160,120,42.13,14.04,827.73,124.86
5,160,140,37.27,16.33,777.0,91.07
5,160,160,38.1,10.29,767.4,92.61
5,160,180,33.47,18.99,839.53,146.16
5,160,200,40.5,14.53,829.53,69.87
5,160,220,39.27,16.63,828.0,118.27
5,160,240,39.37,17.1,829.13,124.72
5,160,260,32.5,13.18,852.87,144.56
5,160,280,41.8,19.27,854.0,106.39
5,160,300,32.47,19.93,839.27,96.7
5,160,320,26.0,8.06,800.47,81.21
5,160,340,33.23,12.55,849.73,101.61
5,160,360,34.57,15.66,843.87,108.91
5,160,380,33.57,12.23,836.67,92.8
5,160,400,29.17,16.42,901.13,145.04
5,180,0,26.5,14.6,758.6,98.07
5,180,20,28.1,16.64,795.47,81.47
5,180,40,26.37,19.9,792.47,172.68
5,180,60,24.1,11.5,827.6,136.81
5,180,80,31.77,17.63,828.67,122.25
5,180,100,38.8,14.26,789.4,86.9
5,180,120,33.53,11.01,803.4,132.23
5,180,140,36.07,17.26,794.53,146.37
5,180,160,28.53,14.86,790.33,104.31
5,180,180,39.27,18.74,786.73,91.66
5,180,200,34.47,17.58,848.0,128.35
5,180,220,39.83,14.61,889.87,163.84
5,180,240,36.47,13.79,852.4,85.24
5,180,260,38.1,22.07,868.2,108.99
5,180,280,31.83,14.8,789.33,94.19
5,180,300,41.5,10.45,889.2,115.73
5,180,320,40.53,11.8,846.73,130.42
5,180,340,34.73,17.39,848.87,108.45
5,180,360,34.77,15.57,910.0,101.55
5,180,380,39.83,18.25,846.53,95.42
5,180,400,31.87,19.58,848.07,128.1
5,200,0,19.33,11.42,828.93,153.76
5,200,20,23.9,16.7,848.93,202.43
5,200,40,31.7,18.6,843.27,195.23
5,200,60,27.07,16.78,814.27,161.8
5,200,80,26.47,18.51,835.4,137.35
5,200,100,30.9,14.66,851.47,135.04
5,200,120,37.27,18.23,857.47,112.26
5,200,140,28.27,17.81,864.6,149.86
5,200,160,35.97,20.19,848.13,133.63
5,200,180,35.53,16.67,845.47,126.91
5,200,200,28.5,14.87,845.13,139.55
5,200,220,42.0,20.59,884.53,105.26
5,200,240,34.2,17.31,922.8,157.08
5,200,260,37.7,12.35,879.87,102.71
5,200,280,32.17,19.0,873.2,156.3
5,200,300,38.07,15.31,853.2,75.07
5,200,320,36.63,17.64,907.4,137.55
5,200,340,36.53,13.58,864.33,102.86
5,200,360,33.1,22.62,832.07,50.03
5,200,380,34.53,13.5,859.8,61.17
5,200,400,28.43,12.66,850.4,66.57
5,220,0,15.43,15.94,829.4,113.98
5,220,20,26.4,15.88,847.27,120.78
5,220,40,32.2,19.3,842.8,108.21
5,220,60,19.43,19.08,869.87,129.09
5,220,80,32.27,16.33,832.2,158.63
5,220,100,33.73,15.96,817.33,147.7
5,220,120,28.13,14.61,853.07,119.59
5,220,140,27.47,13.13,868.13,156.1
5,220,160,32.23,13.89,843.07,139.42
5,220,180,35.13,21.34,846.4,106.15
5,220,200,36.23,14.6,791.67,99.92
5,220,220,32.2,16.84,824.4,96.94
5,220,240,36.33,17.83,881.13,103.7
5,220,260,36.8,13.18,868.6,102.44
5,220,280,35.83,15.4,803.33,107.65
5,220,300,33.9,17.42,885.8,101.77
5,220,320,36.17,16.35,912.93,135.25
5,220,340,36.97,18.14,846.67,100.85
5,220,360,31.83,15.76,873.93,61.28
5,220,380,40.33,15.49,951.67,137.93
5,220,400,33.63,14.67,854.8,133.97
5,240,0,18.17,12.93,809.53,97.73
5,240,20,25.83,15.28,854.47,98.36
5,240,40,21.7,12.3,830.73,60.72
5,240,60,21.73,16.12,876.0,160.15
5,240,80,25.37,14.05,807.33,85.54
5,240,100,26.8,14.66,883.53,124.07
5,240,120,25.17,14.27,865.6,137.68
5,240,140,22.77,15.27,837.6,141.14
5,240,160,35.8,12.33,868.2,115.89
5,240,180,38.23,16.11,803.73,110.28
5,240,200,33.4,21.15,888.4,82.37
5,240,220,36.37,13.25,885.47,163.18
5,240,240,37.37,15.07,903.4,207.86
5,240,260,33.3,15.99,871.93,89.44
5,240,280,28.5,17.75,839.8,166.25
5,240,300,35.67,17.0,896.73,139.84
5,240,320,28.33,14.11,883.73,141.28
5,240,340,27.07,13.46,907.53,108.49
5,240,360,40.53,15.28,927.4,143.8
5,240,380,39.67,11.79,920.13,123.74
5,240,400,40.47,16.38,891.07,135.72
5,260,0,21.37,16.73,802.0,156.2
5,260,20,21.0,12.72,848.73,125.27
5,260,40,22.73,16.78,888.73,130.6
5,260,60,29.5,17.64,826.67,92.51
5,260,80,31.53,16.42,913.4,191.67
5,260,100,35.63,10.71,831.6,165.83
5,260,120,27.73,13.38,838.73,132.03
5,260,140,28.73,20.81,829.6,123.19
5,260,160,34.23,14.66,822.33,124.0
5,260,180,32.13,13.92,911.8,141.95
5,260,200,33.27,17.47,822.8,124.06
5,260,220,42.3,22.7,893.33,158.6
5,260,240,37.0,14.99,846.2,80.75
5,260,260,38.77,13.91,854.27,154.56
5,260,280,31.7,15.41,919.8,132.84
5,260,300,33.3,17.42,890.87,134.96
5,260,320,39.8,18.6,918.6,161.03
5,260,340,41.0,17.32,957.67,171.74
5,260,360,38.9,17.09,829.2,81.96
5,260,380,33.03,9.99,895.07,114.94
5,260,400,35.87,19.62,968.47,206.05
5,280,0,16.2,12.22,868.6,176.4
5,280,20,25.43,15.84,867.33,132.89
5,280,40,34.5,20.25,886.73,126.42
5,280,60,21.93,16.0,802.53,78.51
5,280,80,24.9,19.06,831.8,97.1
5,280,100,22.7,16.45,811.27,113.91
5,280,120,34.23,12.98,910.8,109.73
5,280,140,28.97,12.96,913.2,87.6
5,280,160,39.63,17.95,815.53,135.8
5,280,180,40.73,18.36,929.13,150.05
5,280,200,33.87,15.44,976.27,191.8
5,280,220,35.9,19.23,902.27,71.58
5,280,240,38.8,16.75,905.2,186.63
5,280,260,41.43,16.96,887.67,111.47
5,280,280,41.43,12.13,937.27,115.82
5,280,300,36.3,13.53,907.93,102.93
5,280,320,33.53,17.29,949.33,155.42
5,280,340,36.5,15.05,996.27,176.07
5,280,360,36.4,14.0,922.8,168.98
5,280,380,43.6,15.35,936.93,158.31
5,280,400,39.07,16.91,951.07,135.29
5,300,0,17.63,17.0,792.4,67.09
5,300,20,19.87,13.29,850.73,97.35
5,300,40,28.57,13.05,927.8,244.82
5,300,60,22.83,10.82,842.93,116.56
5,300,80,29.9,22.76,869.87,109.28
5,300,100,30.8,18.75,877.8,78.43
5,300,120,26.17,17.09,864.93,142.97
5,300,140,29.93,13.11,946.2,119.71
5,300,160,31.0,10.85,889.73,93.53
5,300,180,31.03,18.56,941.47,175.15
5,300,200,35.3,15.68,927.67,163.39
5,300,220,32.73,16.82,911.2,126.25
5,300,240,36.6,20.4,876.07,90.84
5,300,260,32.87,14.92,950.2,148.32
5,300,280,37.9,17.86,854.8,96.62
5,300,300,41.8,17.29,941.93,188.17
5,300,320,30.8,16.62,908.2,204.95
5,300,340,32.43,16.22,881.33,91.66
5,300,360,38.3,16.18,910.0,91.5
5,300,380,41.3,18.81,943.0,130.21
5,300,400,44.97,13.65,916.13,154.68
5,320,0,24.13,19.44,874.0,118.17
5,320,20,19.87,12.21,837.47,142.76
5,320,40,19.93,14.98,892.93,129.46
5,320,60,25.63,14.65,874.13,181.77
5,320,80,23.73,14.95,838.93,126.99
5,320,100,25.9,9.4,821.67,129.48
5,320,120,25.87,15.98,922.07,157.01
5,320,140,36.57,12.77,939.67,139.49
5,320,160,28.13,15.03,882.0,129.17
5,320,180,31.17,19.41,860.8,107.16
5,320,200,34.97,15.34,947.93,202.39
5,320,220,31.1,13.61,953.07,126.65
5,320,240,34.97,15.99,902.6,162.8
5,320,260,31.7,18.12,941.53,158.65
5,320,280,29.97,13.38,933.53,126.07
5,320,300,42.03,15.29,928.73,152.27
5,320,320,33.4,16.44,883.27,104.23
5,320,340,40.8,20.29,910.4,152.09
5,320,360,38.83,12.46,983.2,175.01
5,320,380,28.07,17.53,908.07,90.93
5,320,400,29.9,16.42,961.67,153.58
5,340,0,17.17,13.6,895.93,114.91
5,340,20,16.7,10.26,917.33,178.28
5,340,40,18.63,14.33,869.53,112.05
5,340,60,26.63,13.72,890.0,105.0
5,340,80,25.27,12.83,920.4,129.8
5,340,100,33.63,16.09,935.0,155.97
5,340,120,29.2,14.23,911.53,182.45
5,340,140,30.33,17.37,878.2,125.37
5,340,160,27.1,15.3,949.67,161.46
5,340,180,27.8,13.8,846.13,98.43
5,340,200,28.67,13.9,919.73,158.69
5,340,220,29.7,15.16,905.0,127.93
5,340,240,25.93,11.73,937.6,152.59
5,340,260,19.37,11.23,937.67,117.27
5,340,280,33.9,16.08,931.33,161.56
5,340,300,36.37,16.28,920.0,125.66
5,340,320,30.4,11.41,932.73,170.09
5,340,340,30.5,16.89,951.33,144.16
5,340,360,36.27,15.49,1002.93,124.63
5,340,380,37.4,16.6,987.67,169.46
5,340,400,36.67,12.54,970.33,143.92
5,360,0,15.87,14.66,884.6,90.93
5,360,20,20.27,16.47,899.6,80.83
5,360,40,18.87,12.82,914.13,106.75
5,360,60,27.53,14.15,839.27,120.88
5,360,80,28.03,13.72,889.53,107.47
5,360,100,20.2,17.06,889.07,105.7
5,360,120,22.53,8.32,917.67,125.14
5,360,140,27.17,13.39,948.13,129.41
5,360,160,26.13,17.2,982.53,168.66
5,360,180,33.67,16.14,981.07,145.7
5,360,200,33.4,10.22,912.07,175.02
5,360,220,21.5,17.48,935.6,140.94
5,360,240,35.1,13.39,971.4,139.1
5,360,260,33.6,21.25,961.33,170.25
5,360,280,34.03,16.7,945.8,81.16
5,360,300,29.0,16.43,946.67,100.33
5,360,320,31.5,17.76,922.73,109.32
5,360,340,32.67,14.9,954.8,146.57
5,360,360,29.23,19.91,960.93,92.5
5,360,380,33.6,17.22,955.33,137.35
5,360,400,32.43,12.98,955.8,116.54
5,380,0,12.33,10.87,899.2,109.91
5,380,20,17.43,14.64,903.0,144.93
5,380,40,22.77,14.1,900.87,101.7
5,380,60,31.5,18.41,962.33,122.5
5,380,80,21.67,15.48,919.53,177.49
5,380,100,18.87,12.61,905.8,77.4
5,380,120,30.37,18.65,930.93,142.63
5,380,140,27.9,18.1,970.47,106.96
5,380,160,32.47,20.06,926.6,189.23
5,380,180,34.7,16.98,944.0,149.31
5,380,200,25.0,12.0,1054.0,225.61
5,380,220,30.73,14.82,949.67,152.07
5,380,240,30.8,20.03,985.73,205.01
5,380,260,37.83,16.47,998.33,133.51
5,380,280,28.5,13.95,962.93,122.79
5,380,300,32.6,18.09,975.07,160.47
5,380,320,29.57,15.3,931.2,111.46
5,380,340,36.47,16.11,1005.53,162.85
5,380,360,34.6,13.88,903.07,105.25
5,380,380,35.9,17.05,1051.27,174.97
5,380,400,39.7,14.84,961.13,183.52
5,400,0,10.63,9.11,954.6,131.85
5,400,20,17.5,14.02,898.33,159.73
5,400,40,24.3,21.85,876.93,90.41
5,400,60,23.1,22.19,903.27,69.06
5,400,80,29.27,17.39,966.47,149.98
5,400,100,15.53,15.57,947.07,94.62
5,400,120,27.6,19.18,904.2,152.37
5,400,140,29.9,18.31,932.33,138.63
5,400,160,28.5,13.05,948.4,122.6
5,400,180,29.73,17.96,998.13,128.97
5,400,200,26.43,22.6,940.87,145.26
5,400,220,28.23,17.39,977.67,140.97
5,400,240,30.47,14.38,1000.2,136.29
5,400,260,27.63,13.38,987.33,236.0
5,400,280,33.63,15.04,1015.2,173.96
5,400,300,33.4,21.38,955.27,181.93
5,400,320,29.33,19.07,995.33,114.47
5,400,340,39.17,18.29,964.07,155.11
5,400,360,34.57,16.06,1007.4,137.58
5,400,380,30.2,13.19,992.53,93.87
5,400,400,33.4,14.91,944.8,113.17
10,0,0,1.3,4.14,457.6,66.01
10,0,20,0.0,0.0,455.0,88.34
10,0,40,2.4,7.6,471.2,97.52
10,0,60,0.93,1.97,435.87,65.75
10,0,80,0.6,1.56,399.2,57.2
10,0,100,5.03,9.24,438.4,72.14
10,0,120,2.43,3.9,442.6,113.13
10,0,140,3.87,4.53,451.07,102.26
10,0,160,4.43,7.28,416.93,56.61
10,0,180,3.7,5.37,422.4,56.84
10,0,200,4.5,8.25,422.67,34.91
10,0,220,3.5,4.34,415.73,50.37
10,0,240,3.8,5.29,408.13,30.55
10,0,260,2.4,5.04,419.87,64.93
10,0,280,8.8,10.23,419.33,64.27
10,0,300,5.13,9.17,408.8,35.01
10,0,320,5.27,7.57,414.2,31.7
10,0,340,1.57,3.02,427.4,38.31
10,0,360,4.23,6.91,416.87,63.28
10,0,380,7.9,14.03,412.67,57.96
10,0,400,3.9,5.89,398.27,32.08
10,20,0,4.87,8.4,438.8,54.5
10,20,20,3.67,7.42,472.27,98.84
10,20,40,5.03,8.65,433.13,68.62
10,20,60,4.87,8.44,434.8,55.8
10,20,80,3.3,5.13,405.73,40.14
10,20,100,4.43,7.8,425.6,46.31
10,20,120,6.43,8.24,448.47,51.61
10,20,140,8.43,8.47,405.6,48.76
10,20,160,5.97,9.63,426.13,44.94
10,20,180,7.23,8.35,452.4,79.55
10,20,200,14.3,9.58,420.0,36.93
10,20,220,8.97,9.94,414.07,52.45
10,20,240,6.6,8.94,423.53,63.45
10,20,260,8.27,10.43,414.07,32.96
10,20,280,7.5,9.74,405.53,32.25
10,20,300,13.1,14.68,402.47,47.93
10,20,320,6.4,8.63,396.8,42.03
10,20,340,7.07,7.35,415.47,49.48
10,20,360,8.47,10.42,407.4,33.77
10,20,380,5.23,8.19,388.87,25.59
10,20,400,3.9,4.79,408.6,55.24
10,40,0,30.13,22.05,449.87,80.83
10,40,20,23.37,11.32,437.73,52.49
10,40,40,29.6,13.27,439.53,57.45
10,40,60,23.4,16.96,433.67,72.02
10,40,80,22.9,15.32,424.8,58.39
10,40,100,23.23,15.98,427.07,60.68
10,40,120,22.93,19.06,440.4,74.85
10,40,140,27.4,15.3,483.8,104.86
10,40,160,18.07,14.47,449.73,72.14
10,40,180,15.03,11.5,424.67,42.96
10,40,200,16.8,18.52,451.4,56.97
10,40,220,12.0,10.42,423.47,68.26
10,40,240,13.93,9.08,410.0,35.97
10,40,260,12.07,10.8,442.33,53.59
10,40,280,9.43,8.91,413.47,54.66
10,40,300,9.57,7.63,409.27,37.12
10,40,320,9.9,10.55,395.73,33.67
10,40,340,11.93,11.26,418.13,63.14
10,40,360,11.0,14.91,415.73,22.35
10,40,380,20.3,18.96,397.13,38.51
10,40,400,8.9,7.62,408.67,39.93
10,60,0,30.83,14.52,469.07,107.75
10,60,20,52.0,15.55,474.27,91.99
10,60,40,45.0,19.64,462.67,103.19
10,60,60,45.43,16.95,445.73,50.92
10,60,80,32.73,16.53,419.0,52.35
10,60,100,34.53,13.31,409.0,43.32
10,60,120,34.77,15.14,441.67,65.22
10,60,140,31.1,17.71,427.73,68.02
10,60,160,31.43,17.53,442.13,79.87
10,60,180,26.57,15.92,412.73,43.78
10,60,200,21.2,12.36,440.93,81.79
10,60,220,29.1,14.55,438.8,63.55
10,60,240,21.1,14.38,430.67,42.61
10,60,260,22.53,13.23,425.47,36.73
10,60,280,18.5,14.58,419.07,27.01
10,60,300,14.87,11.32,413.8,43.51
10,60,320,22.23,17.36,420.33,58.79
10,60,340,14.93,14.0,406.4,33.01
10,60,360,15.97,10.73,397.67,34.85
10,60,380,14.5,13.5,406.6,37.25
10,60,400,17.07,12.67,426.47,58.07
10,80,0,42.93,15.18,461.53,98.24
10,80,20,51.13,14.51,486.87,72.8
10,80,40,44.17,20.59,486.27,67.69
10,80,60,43.57,18.32,466.27,124.9
10,80,80,40.2,12.54,446.53,75.26
10,80,100,41.47,17.48,441.47,63.27
10,80,120,39.63,15.52,413.8,29.05
10,80,140,41.2,16.51,418.6,31.69
10,80,160,46.73,12.9,429.73,57.32
10,80,180,33.6,13.83,455.8,80.79
10,80,200,38.0,17.32,433.33,50.11
10,80,220,33.27,16.49,450.0,58.07
10,80,240,22.9,12.7,427.8,54.09
10,80,260,23.17,12.19,430.33,48.7
10,80,280,38.77,20.04,450.27,46.05
10,80,300,27.1,16.26,404.4,28.04
10,80,320,27.33,13.8,407.0,34.02
10,80,340,25.1,13.17,427.07,42.98
10,80,360,20.33,17.85,435.47,32.3
10,80,380,21.37,17.39,409.2,22.52
10,80,400,22.57,12.65,410.8,35.46
10,100,0,42.6,16.52,481.73,80.95
10,100,20,55.4,18.67,478.33,70.08
10,100,40,49.9,20.14,462.33,52.38
10,100,60,54.9,12.37,491.53,99.75
10,100,80,52.17,20.03,430.8,43.9
10,100,100,54.0,18.05,464.33,67.44
10,100,120,47.93,19.29,459.53,91.49
10,100,140,42.5,12.8,451.2,83.22
10,100,160,48.47,15.41,451.73,69.65
10,100,180,41.73,20.98,458.13,65.65
10,100,200,37.27,15.74,445.33,58.13
10,100,220,34.4,16.76,424.27,45.61
10,100,240,38.23,19.31,443.2,61.7
10,100,260,40.2,14.66,453.47,50.26
10,100,280,27.67,8.31,466.13,83.61
10,100,300,34.03,15.98,417.0,57.78
10,100,320,29.07,19.07,422.67,38.77
10,100,340,25.87,14.47,422.27,36.27
10,100,360,19.93,14.5,416.13,41.85
10,100,380,25.33,17.86,403.53,27.49
10,100,400,32.77,9.42,407.87,27.53
10,120,0,36.37,17.85,531.93,158.96
10,120,20,58.43,9.83,468.4,72.01
10,120,40,54.67,11.97,456.67,67.42
10,120,60,53.07,17.34,521.53,108.65
10,120,80,57.63,13.47,479.2,119.77
10,120,100,53.77,15.85,494.2,124.77
10,120,120,49.73,14.64,468.93,75.0
10,120,140,52.47,18.17,459.87,56.11
10,120,160,51.67,18.87,475.73,93.48
10,120,180,47.0,17.79,457.8,87.88
10,120,200,45.37,13.54,452.8,56.14
10,120,220,45.57,20.5,454.07,82.5
10,120,240,40.5,16.65,432.53,49.3
10,120,260,38.1,16.73,441.47,46.01
10,120,280,34.0,13.19,449.87,60.99
10,120,300,30.73,15.81,428.33,55.58
10,120,320,29.23,14.63,435.33,63.64
10,120,340,30.17,14.93,433.13,45.7
10,120,360,31.67,16.13,412.8,27.19
10,120,380,40.97,19.1,428.87,45.8
10,120,400,34.3,21.97,419.33,47.16
10,140,0,33.37,23.9,489.87,74.75
10,140,20,35.93,15.44,572.13,151.48
10,140,40,59.0,21.0,485.67,53.67
10,140,60,55.1,16.57,460.87,97.83
10,140,80,61.97,15.14,517.67,71.64
10,140,100,71.57,17.52,442.07,39.65
10,140,120,62.93,18.33,468.4,82.07
10,140,140,53.67,20.7,472.2,79.1
10,140,160,61.77,18.82,475.33,88.03
10,140,180,47.23,17.74,453.8,94.13
10,140,200,53.63,12.99,446.67,44.87
10,140,220,50.4,18.32,429.53,39.37
10,140,240,44.13,16.99,501.8,68.86
10,140,260,41.7,10.69,446.33,45.85
10,140,280,43.8,18.3,483.2,89.29
10,140,300,40.13,16.97,445.87,85.12
10,140,320,39.97,14.68,475.33,67.0
10,140,340,37.33,18.92,460.0,50.12
10,140,360,31.63,16.87,437.87,42.73
10,140,380,32.83,14.7,423.2,36.61
10,140,400,28.17,14.36,457.8,100.72
10,160,0,30.37,10.22,463.13,64.98
10,160,20,51.27,20.71,486.73,93.39
10,160,40,58.57,17.0,521.53,150.94
10,160,60,59.0,11.9,470.2,58.76
10,160,80,62.93,24.78,487.73,71.82
10,160,100,63.17,18.07,511.27,93.08
10,160,120,67.63,10.98,525.33,86.21
10,160,140,64.33,17.91,535.13,122.49
10,160,160,63.3,15.9,490.13,76.83
10,160,180,64.13,11.37,525.93,98.29
10,160,200,55.5,20.42,497.6,60.83
10,160,220,57.97,13.74,522.8,117.89
10,160,240,54.27,18.56,477.53,78.09
10,160,260,48.63,12.98,460.73,69.88
10,160,280,45.23,21.2,459.8,44.21
10,160,300,38.13,15.19,438.87,46.38
10,160,320,43.27,12.89,467.67,84.46
10,160,340,47.63,18.64,449.47,67.44
10,160,360,34.23,10.87,458.47,68.66
10,160,380,33.97,14.87,468.67,64.61
10,160,400,37.9,17.0,424.2,38.43
10,180,0,33.73,20.33,477.33,60.34
10,180,20,55.4,23.48,521.67,100.8
10,180,40,46.2,17.68,504.6,103.75
10,180,60,57.5,19.31,506.73,91.98
10,180,80,65.43,13.89,516.53,115.77
10,180,100,63.57,17.03,475.27,65.13
10,180,120,65.33,16.41,531.47,83.78
10,180,140,66.03,14.78,464.93,53.89
10,180,160,63.43,14.66,523.67,109.26
10,180,180,65.37,16.11,485.2,79.88
10,180,200,62.5,14.19,493.87,69.93
10,180,220,57.33,15.66,484.0,71.96
10,180,240,55.2,19.2,513.67,108.43
10,180,260,46.0,18.66,460.47,69.53
10,180,280,52.9,18.96,457.67,51.42
10,180,300,51.7,19.46,479.47,80.92
10,180,320,42.03,18.13,511.13,103.03
10,180,340,36.77,9.21,459.4,69.2
10,180,360,37.0,18.69,449.07,48.86
10,180,380,37.53,17.37,462.27,64.41
10,180,400,42.07,16.18,452.13,41.87
10,200,0,36.67,20.91,511.0,125.3
10,200,20,42.2,20.72,507.47,139.8
10,200,40,45.27,15.58,564.87,134.72
10,200,60,49.53,13.77,491.87,69.42
10,200,80,60.27,23.13,564.07,132.77
10,200,100,56.5,18.15,464.93,32.23
10,200,120,66.63,13.81,513.87,108.41
10,200,140,71.67,13.68,523.87,84.11
10,200,160,69.4,13.5,574.87,107.87
10,200,180,63.37,15.94,484.2,102.22
10,200,200,63.97,16.84,572.2,159.5
10,200,220,61.17,21.26,476.0,66.98
10,200,240,63.27,21.0,475.33,58.33
10,200,260,58.77,21.35,490.0,79.2
10,200,280,60.63,18.1,467.73,36.61
10,200,300,46.97,13.63,480.47,75.91
10,200,320,45.2,15.68,462.67,38.76
10,200,340,54.13,13.39,472.07,57.94
10,200,360,46.83,12.84,463.93,56.51
10,200,380,45.9,19.08,482.8,102.02
10,200,400,48.67,15.93,470.8,73.24
10,220,0,39.33,15.97,492.53,53.02
10,220,20,42.27,23.3,537.47,158.26
10,220,40,46.9,18.72,566.47,175.09
10,220,60,58.67,23.69,586.53,175.77
10,220,80,63.77,15.07,545.67,75.28
10,220,100,59.37,17.73,482.93,68.05
10,220,120,65.77,16.37,580.87,131.54
10,220,140,69.63,16.24,530.47,88.9
10,220,160,68.3,12.46,532.13,99.89
10,220,180,69.93,18.41,527.13,46.97
10,220,200,63.5,13.69,582.4,127.9
10,220,220,59.57,13.83,470.27,33.32
10,220,240,61.03,18.28,518.27,56.92
10,220,260,65.43,17.32,530.73,101.91
10,220,280,55.97,11.51,505.0,88.72
10,220,300,51.4,13.79,483.4,62.16
10,220,320,50.9,18.67,490.2,63.84
10,220,340,62.0,12.48,474.33,59.68
10,220,360,48.17,18.17,473.53,49.04
10,220,380,46.73,17.58,483.53,78.37
10,220,400,46.67,16.05,465.33,29.27
10,240,0,37.33,21.7,549.47,157.12
10,240,20,40.93,16.75,577.8,183.3
10,240,40,53.27,17.67,529.27,140.26
10,240,60,58.03,20.16,574.13,120.64
10,240,80,63.03,17.86,572.67,124.37
10,240,100,59.0,15.29,553.53,124.37
10,240,120,62.1,16.59,532.07,94.1
10,240,140,62.1,19.64,555.27,110.5
10,240,160,66.7,14.31,505.8,80.64
10,240,180,72.93,12.52,489.93,66.89
10,240,200,69.07,20.83,527.87,113.36
10,240,220,66.67,18.75,535.47,136.54
10,240,240,70.7,12.57,519.13,96.53
10,240,260,69.67,15.53,525.13,94.5
10,240,280,60.8,17.73,490.87,58.32
10,240,300,66.23,14.85,513.8,75.66
10,240,320,61.9,19.19,527.93,77.44
10,240,340,53.1,18.58,496.93,54.18
10,240,360,58.57,17.66,492.4,75.0
10,240,380,52.6,18.53,484.27,51.64
10,240,400,57.23,16.84,470.8,52.48
10,260,0,31.23,18.28,513.27,116.68
10,260,20,32.3,16.07,618.33,214.67
10,260,40,44.0,24.73,516.33,82.75
10,260,60,58.03,17.57,530.0,181.33
10,260,80,54.8,19.51,575.33,142.05
10,260,100,64.87,15.53,507.13,102.34
10,260,120,58.93,18.63,503.33,72.88
10,260,140,71.7,12.89,581.27,129.82
10,260,160,71.07,12.92,543.93,86.82
10,260,180,61.5,15.32,540.13,93.03
10,260,200,64.43,17.88,520.13,76.6
10,260,220,62.0,20.52,494.93,45.01
10,260,240,65.2,15.69,514.27,108.4
10,260,260,69.33,15.93,549.67,112.54
10,260,280,68.47,19.39,508.47,89.26
10,260,300,66.57,14.71,492.93,66.16
10,260,320,59.53,19.61,531.93,70.82
10,260,340,54.7,17.8,513.13,108.0
10,260,360,62.23,16.68,478.2,55.57
10,260,380,52.47,18.89,499.27,32.79
10,260,400,50.5,16.39,488.4,55.35
10,280,0,20.43,16.35,566.33,202.78
10,280,20,41.83,15.55,555.6,133.34
10,280,40,43.27,22.39,546.6,88.14
10,280,60,53.3,18.56,555.33,170.97
10,280,80,64.2,16.51,530.67,55.41
10,280,100,61.77,19.14,578.13,144.89
10,280,120,63.27,17.87,558.8,105.92
10,280,140,64.4,13.46,538.6,68.78
10,280,160,71.97,13.37,560.47,83.0
10,280,180,71.77,15.61,564.6,140.73
10,280,200,68.87,15.92,550.4,120.9
10,280,220,71.33,18.14,520.27,71.07
10,280,240,70.17,14.24,552.07,88.99
10,280,260,71.67,14.77,530.4,66.18
10,280,280,66.1,10.38,527.73,94.97
10,280,300,69.03,14.39,553.47,80.2
10,280,320,62.9,17.25,560.2,107.09
10,280,340,60.83,16.51,503.47,91.84
10,280,360,51.57,18.93,529.73,97.81
10,280,380,50.3,16.85,495.73,89.62
10,280,400,55.6,15.25,498.27,46.17
10,300,0,28.7,11.96,534.53,120.06
10,300,20,29.97,17.77,520.53,99.41
10,300,40,44.47,16.28,555.8,107.15
10,300,60,55.33,20.41,592.93,122.59
10,300,80,56.2,17.89,630.0,160.35
10,300,100,58.57,11.58,564.2,111.26
10,300,120,61.17,18.53,599.8,137.78
10,300,140,64.73,18.52,576.93,114.65
10,300,160,69.03,20.12,598.07,141.37
10,300,180,75.27,10.58,591.53,184.56
10,300,200,67.73,15.65,521.73,61.12
10,300,220,77.13,13.05,537.73,83.7
10,300,240,69.1,14.06,533.47,98.12
10,300,260,65.57,15.7,524.13,79.84
10,300,280,66.4,14.08,544.33,162.16
10,300,300,63.53,18.35,579.87,103.62
10,300,320,68.97,12.99,608.13,169.92
10,300,340,64.7,15.7,512.53,60.31
10,300,360,63.2,14.57,494.73,46.69
10,300,380,64.0,15.51,501.33,50.18
10,300,400,64.27,14.22,505.6,70.9
10,320,0,28.07,20.23,553.13,96.37
10,320,20,34.07,17.85,544.4,98.48
10,320,40,44.8,22.89,573.0,133.41
10,320,60,57.33,23.03,572.47,80.41
10,320,80,56.37,21.93,575.8,96.15
10,320,100,61.63,15.38,557.27,68.4
10,320,120,57.5,19.71,604.2,76.65
10,320,140,64.4,15.65,615.6,113.1
10,320,160,70.6,13.01,581.4,140.89
10,320,180,71.67,16.47,533.4,78.34
10,320,200,63.27,14.12,584.2,110.35
10,320,220,75.37,15.7,553.33,63.5
10,320,240,74.3,13.85,508.4,51.52
10,320,260,68.37,20.51,577.87,116.75
10,320,280,60.07,15.63,536.67,48.82
10,320,300,73.47,14.23,566.6,132.51
10,320,320,60.27,11.32,572.07,95.44
10,320,340,68.7,16.18,547.07,58.7
10,320,360,68.73,12.36,506.93,47.21
10,320,380,61.4,17.59,539.87,55.78
10,320,400,62.67,17.09,560.67,113.32
10,340,0,30.97,24.88,537.87,98.77
10,340,20,37.43,17.12,595.8,143.86
10,340,40,45.63,17.26,565.93,92.18
10,340,60,53.43,19.55,642.27,119.73
10,340,80,62.8,28.48,637.6,162.18
10,340,100,61.7,11.4,577.4,133.33
10,340,120,59.7,11.68,598.87,143.53
10,340,140,59.8,15.73,636.93,130.04
10,340,160,58.57,13.54,585.33,132.38
10,340,180,57.87,15.89,576.27,124.73
10,340,200,69.03,13.23,620.67,126.0
10,340,220,68.57,14.66,566.47,151.94
10,340,240,69.03,15.62,596.33,130.99
10,340,260,64.63,19.73,578.33,77.17
10,340,280,61.5,20.43,590.67,104.6
10,340,300,66.93,17.15,580.6,119.67
10,340,320,60.9,14.72,569.67,81.85
10,340,340,65.6,17.4,529.0,89.65
10,340,360,67.7,17.72,538.33,74.37
10,340,380,73.27,14.13,518.6,57.74
10,340,400,62.67,16.96,566.13,91.71
10,360,0,33.7,20.33,503.53,39.55
10,360,20,38.67,27.42,537.47,79.16
10,360,40,47.43,17.6,577.2,81.72
10,360,60,51.57,17.75,624.93,141.86
10,360,80,49.83,20.78,554.0,110.66
10,360,100,56.1,18.17,644.8,121.87
10,360,120,56.03,16.65,661.67,176.96
10,360,140,66.27,18.8,578.73,88.36
10,360,160,64.53,15.19,632.67,144.79
10,360,180,61.37,17.96,660.13,185.88
10,360,200,70.37,12.05,601.27,103.78
10,360,220,73.67,16.65,626.07,135.02
10,360,240,76.13,12.06,638.8,147.76
10,360,260,71.97,11.15,565.93,60.41
10,360,280,69.97,14.01,548.87,72.91
10,360,300,72.27,16.37,567.33,67.95
10,360,320,67.5,16.77,614.47,133.45
10,360,340,65.33,20.69,559.33,77.81
10,360,360,71.67,13.72,550.73,76.58
10,360,380,71.73,20.15,626.07,84.45
10,360,400,66.9,15.44,548.6,120.72
10,380,0,18.3,13.63,550.2,132.27
10,380,20,40.3,17.76,600.87,90.26
10,380,40,37.97,18.51,596.2,166.84
10,380,60,49.1,17.79,658.53,176.29
10,380,80,55.77,14.45,587.73,121.74
10,380,100,56.73,14.62,595.67,117.16
10,380,120,52.1,15.83,590.13,77.74
10,380,140,55.53,21.12,636.33,117.3
10,380,160,61.13,14.31,650.33,131.64
10,380,180,63.73,15.06,617.4,150.31
10,380,200,71.53,13.68,660.13,117.54
10,380,220,62.5,23.74,589.0,96.4
10,380,240,67.7,19.66,640.4,148.43
10,380,260,64.43,12.62,627.27,230.19
10,380,280,72.6,16.52,580.4,90.16
10,380,300,75.6,9.62,595.33,93.84
10,380,320,66.33,13.21,576.73,62.79
10,380,340,65.93,13.35,558.67,62.72
10,380,360,65.1,18.23,549.47,84.82
10,380,380,69.97,17.01,567.27,87.26
10,380,400,58.7,14.1,577.6,68.58
10,400,0,29.2,15.9,538.73,75.6
10,400,20,36.03,19.88,584.6,94.87
10,400,40,45.6,16.41,606.33,124.22
10,400,60,54.33,15.81,604.93,124.98
10,400,80,58.63,15.84,625.8,161.47
10,400,100,57.37,20.56,630.4,118.41
10,400,120,67.33,16.59,629.33,136.34
10,400,140,54.7,19.42,628.33,131.36
10,400,160,59.8,16.63,612.73,150.03
10,400,180,67.27,14.28,661.67,190.92
10,400,200,68.63,12.84,608.67,114.68
10,400,220,63.13,13.13,599.93,95.38
10,400,240,58.0,22.61,636.2,194.31
10,400,260,74.43,13.26,572.13,72.97
10,400,280,65.03,19.41,600.87,74.29
10,400,300,69.33,18.03,605.4,151.61
10,400,320,72.9,15.83,578.87,106.76
10,400,340,73.37,16.62,565.2,99.19
10,400,360,65.03,16.64,585.8,88.12
10,400,380,70.93,14.18,594.53,86.45
10,400,400,74.4,12.5,610.93,121.0
15,0,0,9.17,12.09,337.07,46.19
15,0,20,3.0,6.46,348.07,63.93
15,0,40,2.07,4.32,309.87,16.72
15,0,60,8.0,11.22,317.93,35.98
15,0,80,8.1,7.33,309.27,22.27
15,0,100,10.3,11.31,313.13,46.2
15,0,120,14.4,10.0,312.73,27.88
15,0,140,13.97,16.47,320.73,31.95
15,0,160,13.73,9.67,305.6,28.32
15,0,180,5.77,11.66,308.6,16.36
15,0,200,11.47,13.26,301.27,11.74
15,0,220,4.9,6.21,306.67,17.6
15,0,240,5.7,7.17,301.0,12.19
15,0,260,9.6,10.3,306.07,9.41
15,0,280,7.33,8.97,307.93,21.19
15,0,300,7.0,8.32,311.67,20.53
15,0,320,16.23,14.32,307.0,19.95
15,0,340,9.83,15.12,302.4,13.61
15,0,360,9.67,15.06,306.07,19.01
15,0,380,11.73,17.78,303.27,8.34
15,0,400,11.43,14.23,307.87,12.21
15,20,0,17.8,17.32,320.53,36.93
15,20,20,7.2,10.1,337.93,53.15
15,20,40,12.67,12.8,324.27,25.94
15,20,60,16.3,12.42,330.2,62.34
15,20,80,21.33,12.74,326.0,58.76
15,20,100,6.13,3.84,321.4,52.39
15,20,120,11.8,9.64,321.93,40.04
15,20,140,18.43,17.29,318.2,59.31
15,20,160,22.1,14.86,306.0,17.8
15,20,180,21.47,16.28,304.73,15.18
15,20,200,14.0,14.28,309.07,17.78
15,20,220,12.83,13.12,303.93,13.61
15,20,240,12.8,12.59,309.4,20.93
15,20,260,8.6,10.98,308.07,9.35
15,20,280,20.17,19.35,310.87,20.72
15,20,300,8.57,11.63,303.87,13.64
15,20,320,9.5,10.13,312.67,26.07
15,20,340,9.17,13.15,305.93,10.67
15,20,360,14.13,17.47,306.0,12.86
15,20,380,6.5,5.8,307.93,17.6
15,20,400,11.73,14.83,306.67,10.77
15,40,0,22.23,26.22,345.73,50.05
15,40,20,21.2,15.03,337.93,46.85
15,40,40,23.63,13.68,350.13,49.33
15,40,60,32.8,20.78,334.67,36.24
15,40,80,37.17,15.38,334.93,42.47
15,40,100,36.43,15.27,317.13,29.08
15,40,120,21.17,12.2,337.27,63.97
15,40,140,28.97,15.84,318.93,27.72
15,40,160,21.3,12.68,319.8,36.23
15,40,180,20.57,12.98,309.6,15.24
15,40,200,19.13,13.77,314.47,23.93
15,40,220,18.57,14.94,304.67,6.49
15,40,240,26.5,16.53,325.2,23.31
15,40,260,16.93,15.36,308.47,10.03
15,40,280,20.17,18.36,307.2,16.36
15,40,300,18.53,14.54,308.27,8.42
15,40,320,15.67,11.76,314.87,15.38
15,40,340,14.43,15.73,311.0,10.96
15,40,360,16.23,10.93,316.8,20.41
15,40,380,16.7,15.79,310.53,16.98
15,40,400,11.87,12.46,311.87,16.35
15,60,0,31.77,17.34,346.4,45.08
15,60,20,50.53,21.38,353.53,45.64
15,60,40,51.83,22.06,356.6,74.66
15,60,60,47.53,25.76,335.07,27.23
15,60,80,54.03,19.2,341.2,59.66
15,60,100,42.7,17.27,320.67,12.37
15,60,120,41.2,15.2,324.2,26.74
15,60,140,37.8,15.34,331.8,26.32
15,60,160,28.0,15.84,313.93,11.76
15,60,180,27.4,15.15,312.33,11.96
15,60,200,30.63,12.92,322.8,19.95
15,60,220,25.27,10.99,317.8,14.42
15,60,240,28.17,14.84,324.13,29.73
15,60,260,25.0,17.72,321.6,21.03
15,60,280,17.47,12.08,312.73,17.67
15,60,300,24.7,14.34,315.8,11.37
15,60,320,15.8,14.09,314.4,17.64
15,60,340,13.0,13.42,310.53,12.3
15,60,360,19.57,14.39,308.8,8.84
15,60,380,22.67,18.24,319.07,23.91
15,60,400,22.33,19.14,313.93,11.79
15,80,0,45.03,19.13,375.33,76.46
15,80,20,57.73,16.57,391.47,60.94
15,80,40,56.43,17.57,355.27,25.12
15,80,60,59.47,17.89,340.93,40.89
15,80,80,54.1,20.89,336.93,30.96
15,80,100,45.47,22.27,334.4,27.86
15,80,120,58.47,17.44,341.2,38.14
15,80,140,50.73,18.77,344.53,75.29
15,80,160,45.3,18.51,332.73,37.67
15,80,180,38.4,18.41,325.07,41.18
15,80,200,40.5,24.62,315.33,23.49
15,80,220,32.03,10.18,317.33,16.88
15,80,240,28.2,15.62,318.8,17.85
15,80,260,30.1,14.68,315.47,12.71
15,80,280,26.5,17.19,325.73,34.73
15,80,300,27.2,18.98,320.8,30.73
15,80,320,23.37,12.16,317.73,12.49
15,80,340,20.93,15.23,317.8,10.72
15,80,360,17.5,13.08,319.73,14.38
15,80,380,31.63,15.29,317.07,11.91
15,80,400,16.7,16.16,323.8,28.36
15,100,0,44.63,20.16,346.93,17.68
15,100,20,66.9,17.55,450.67,104.0
15,100,40,58.6,16.6,382.13,80.01
15,100,60,64.43,15.76,380.2,70.6
15,100,80,58.0,19.12,341.53,39.93
15,100,100,54.9,24.99,361.13,54.16
15,100,120,62.13,18.12,350.93,33.94
15,100,140,61.13,15.62,353.33,48.81
15,100,160,50.33,14.84,333.73,14.18
15,100,180,57.57,18.58,325.87,15.56
15,100,200,41.83,14.95,317.13,10.34
15,100,220,43.53,21.17,327.27,52.8
15,100,240,41.43,15.72,316.73,7.16
15,100,260,36.47,19.15,320.0,12.12
15,100,280,33.77,15.28,323.33,14.66
15,100,300,33.17,14.31,320.33,10.53
15,100,320,33.2,16.02,318.27,10.83
15,100,340,26.7,16.83,321.2,12.63
15,100,360,29.9,18.88,325.73,17.83
15,100,380,21.07,14.01,323.07,22.22
15,100,400,25.57,23.4,323.87,32.11
15,120,0,40.47,22.19,371.0,39.42
15,120,20,65.2,16.5,379.33,54.87
15,120,40,69.0,17.06,368.87,29.66
15,120,60,67.77,15.69,370.6,34.57
15,120,80,66.97,13.95,358.67,19.19
15,120,100,62.4,15.05,359.87,91.42
15,120,120,66.7,15.97,339.53,14.2
15,120,140,58.9,19.06,344.0,49.7
15,120,160,62.13,16.13,339.8,56.79
15,120,180,55.77,17.26,325.27,9.32
15,120,200,57.1,15.39,330.87,32.76
15,120,220,50.5,20.05,333.13,14.73
15,120,240,48.43,12.75,326.8,10.4
15,120,260,39.23,20.63,327.0,12.77
15,120,280,40.67,14.11,328.47,21.13
15,120,300,34.57,14.05,329.47,17.06
15,120,320,34.7,15.97,326.73,18.58
15,120,340,36.2,16.01,329.67,21.65
15,120,360,30.0,15.01,317.4,11.78
15,120,380,26.43,14.9,322.07,10.02
15,120,400,23.97,16.46,317.8,11.26
15,140,0,46.33,23.87,370.93,94.54
15,140,20,61.07,23.89,390.47,67.26
15,140,40,72.0,13.89,374.0,47.91
15,140,60,69.6,12.66,366.27,29.04
15,140,80,76.73,14.72,359.4,28.83
15,140,100,78.53,12.44,354.4,33.32
15,140,120,71.6,15.06,350.2,26.36
15,140,140,73.47,11.07,358.47,58.15
15,140,160,69.33,15.87,344.33,16.05
15,140,180,60.37,18.23,346.47,34.0
15,140,200,51.67,20.76,326.53,12.36
15,140,220,57.0,13.23,344.6,31.0
15,140,240,44.23,15.91,329.07,11.09
15,140,260,40.07,20.5,333.73,16.88
15,140,280,43.83,21.56,330.53,18.51
15,140,300,42.97,14.76,328.53,23.88
15,140,320,38.63,16.13,327.93,12.6
15,140,340,41.23,14.82,328.67,13.9
15,140,360,26.5,20.08,325.0,14.6
15,140,380,32.0,16.9,330.87,24.72
15,140,400,25.53,15.63,325.73,8.8
15,160,0,39.13,13.23,365.8,36.64
15,160,20,49.23,15.75,427.87,113.45
15,160,40,72.73,14.54,388.2,61.27
15,160,60,77.63,16.61,394.07,41.38
15,160,80,80.47,16.66,380.67,27.49
15,160,100,71.17,18.87,357.4,25.5
15,160,120,73.73,13.97,356.8,36.33
15,160,140,67.07,13.37,357.93,27.44
15,160,160,70.23,14.27,346.6,17.16
15,160,180,65.07,19.01,350.93,24.26
15,160,200,57.57,11.24,336.33,13.24
15,160,220,66.83,11.79,346.73,34.48
15,160,240,56.33,14.77,347.07,34.25
15,160,260,47.7,16.01,334.07,17.73
15,160,280,48.87,17.89,334.47,21.51
15,160,300,45.33,16.98,346.2,21.22
15,160,320,38.97,16.32,333.8,18.32
15,160,340,36.2,17.58,337.87,15.54
15,160,360,35.9,18.67,339.73,16.21
15,160,380,28.93,17.07,333.13,14.02
15,160,400,29.47,16.7,338.67,12.37
15,180,0,46.37,19.25,388.2,81.96
15,180,20,55.63,17.63,479.4,172.1
15,180,40,69.13,15.69,384.0,62.91
15,180,60,79.47,13.23,381.6,46.5
15,180,80,83.5,9.09,398.27,85.0
15,180,100,80.03,12.77,415.87,71.34
15,180,120,79.4,10.04,361.93,21.1
15,180,140,80.97,14.79,371.2,54.64
15,180,160,75.33,15.93,361.93,43.47
15,180,180,68.4,19.53,343.33,16.38
15,180,200,61.5,17.25,353.13,22.52
15,180,220,73.13,12.37,345.13,23.48
15,180,240,62.67,19.32,351.87,20.98
15,180,260,51.37,20.21,337.47,17.42
15,180,280,50.13,13.0,347.6,14.98
15,180,300,48.5,14.78,348.07,22.64
15,180,320,42.1,13.72,343.53,23.05
15,180,340,43.13,20.4,330.4,18.91
15,180,360,41.43,14.78,339.33,19.66
15,180,380,38.53,16.03,333.13,22.18
15,180,400,32.27,13.03,335.8,16.16
15,200,0,38.1,20.38,397.27,43.49
15,200,20,54.83,17.71,446.6,65.53
15,200,40,69.77,17.9,408.13,44.44
15,200,60,79.37,14.5,418.6,54.54
15,200,80,81.37,14.88,406.07,65.69
15,200,100,83.17,11.63,390.27,39.76
15,200,120,81.07,12.01,374.13,28.05
15,200,140,83.3,9.33,393.6,36.03
15,200,160,77.7,17.18,381.53,38.95
15,200,180,80.1,13.69,370.53,30.3
15,200,200,72.63,16.67,356.27,29.33
15,200,220,71.03,17.28,374.4,66.62
15,200,240,68.23,16.02,356.8,25.98
15,200,260,63.07,13.35,357.2,27.06
15,200,280,59.77,15.69,346.73,14.45
15,200,300,60.37,17.1,353.27,24.29
15,200,320,43.73,17.99,333.87,14.82
15,200,340,46.77,17.48,345.8,27.8
15,200,360,53.5,20.31,348.2,19.63
15,200,380,50.8,17.47,343.87,24.76
15,200,400,42.17,16.94,344.87,18.28
15,220,0,40.0,24.02,383.73,52.06
15,220,20,55.37,21.12,428.27,109.79
15,220,40,68.27,15.69,417.67,80.63
15,220,60,74.53,13.51,412.4,51.97
15,220,80,79.63,18.57,414.27,77.27
15,220,100,82.53,10.13,423.93,88.13
15,220,120,85.83,9.04,412.87,62.88
15,220,140,87.23,11.08,428.67,70.19
15,220,160,83.1,13.44,403.67,62.5
15,220,180,79.9,14.36,383.73,36.79
15,220,200,77.47,11.83,390.13,43.38
15,220,220,79.33,10.42,366.33,25.09
15,220,240,71.73,15.61,366.87,35.97
15,220,260,72.4,15.15,358.13,20.59
15,220,280,70.23,17.55,359.47,27.68
15,220,300,59.67,18.05,355.2,26.83
15,220,320,62.87,13.43,355.6,26.65
15,220,340,58.9,17.55,354.4,21.99
15,220,360,46.1,13.97,366.8,42.93
15,220,380,52.73,17.66,345.33,25.0
15,220,400,36.7,21.16,353.93,21.23
15,240,0,45.17,13.33,405.8,78.21
15,240,20,54.03,21.52,419.07,86.63
15,240,40,67.03,23.1,452.53,101.7
15,240,60,75.6,15.61,433.6,100.07
15,240,80,82.13,13.93,410.07,58.87
15,240,100,86.73,12.69,449.13,98.53
15,240,120,84.03,14.62,391.13,55.89
15,240,140,89.87,12.36,417.0,52.86
15,240,160,86.43,10.08,403.2,58.51
15,240,180,80.87,14.65,426.87,70.4
15,240,200,79.43,13.27,407.53,52.43
15,240,220,79.63,11.81,374.33,29.8
15,240,240,78.3,19.1,387.93,42.82
15,240,260,73.9,11.85,371.53,25.67
15,240,280,72.9,20.19,356.93,21.54
15,240,300,58.47,18.99,367.33,29.23
15,240,320,56.1,12.11,363.2,28.48
15,240,340,53.53,22.24,359.8,29.69
15,240,360,50.07,17.23,357.2,28.22
15,240,380,50.93,22.54,358.2,19.05
15,240,400,46.33,20.16,353.6,21.68
15,260,0,38.2,19.0,436.93,154.19
15,260,20,53.93,22.98,454.27,70.26
15,260,40,65.53,19.52,451.47,87.98
15,260,60,84.8,11.0,454.6,63.22
15,260,80,84.03,9.95,414.4,58.37
15,260,100,80.8,12.02,451.4,77.47
15,260,120,90.27,8.98,417.0,67.47
15,260,140,81.07,16.52,408.53,54.88
15,260,160,92.97,7.3,439.33,55.06
15,260,180,85.0,13.17,413.87,61.69
15,260,200,80.97,14.03,393.27,33.88
15,260,220,79.93,14.39,404.6,69.9
15,260,240,83.53,11.33,399.27,37.96
15,260,260,80.73,9.77,391.07,41.11
15,260,280,75.6,12.3,381.2,31.54
15,260,300,67.07,18.7,386.2,46.62
15,260,320,59.7,13.43,378.33,42.01
15,260,340,60.23,15.84,370.87,48.43
15,260,360,64.5,14.08,379.93,64.32
15,260,380,57.93,18.21,369.27,25.97
15,260,400,53.03,13.57,361.93,30.7
15,280,0,31.7,16.94,407.73,57.73
15,280,20,51.37,17.21,488.33,116.22
15,280,40,69.53,11.91,486.47,177.25
15,280,60,70.27,15.33,502.93,112.37
15,280,80,80.73,15.35,429.6,72.37
15,280,100,87.43,11.35,449.6,67.52
15,280,120,81.9,13.6,451.0,73.47
15,280,140,88.3,6.24,439.87,60.37
15,280,160,91.97,7.54,442.8,74.81
15,280,180,91.83,8.55,433.33,64.88
15,280,200,82.57,10.16,394.47,48.14
15,280,220,81.03,13.19,417.73,55.39
15,280,240,81.57,16.09,396.33,32.26
15,280,260,82.83,11.73,387.0,35.32
15,280,280,77.23,16.21,396.53,41.79
15,280,300,62.03,12.44,394.07,41.78
15,280,320,71.2,12.18,390.47,22.6
15,280,340,69.63,15.1,385.4,19.76
15,280,360,68.13,12.03,401.73,53.58
15,280,380,56.0,21.01,390.47,55.85
15,280,400,60.13,14.61,389.93,40.74
15,300,0,34.17,17.19,410.53,72.88
15,300,20,50.63,17.19,463.4,85.23
15,300,40,66.73,22.84,476.53,98.93
15,300,60,72.53,17.22,466.8,121.48
15,300,80,87.67,11.16,502.27,135.65
15,300,100,85.17,13.53,518.13,144.51
15,300,120,89.23,9.52,475.73,89.44
15,300,140,90.1,8.1,434.8,46.29
15,300,160,84.67,13.78,459.27,82.17
15,300,180,85.5,12.48,428.27,62.39
15,300,200,90.47,9.11,446.53,114.99
15,300,220,87.0,10.97,446.0,91.8
15,300,240,85.5,10.8,399.93,33.33
15,300,260,85.2,19.85,411.07,53.06
15,300,280,84.07,12.82,407.33,39.41
15,300,300,77.23,15.69,413.27,55.18
15,300,320,69.43,14.09,380.6,32.44
15,300,340,71.0,16.46,418.8,35.89
15,300,360,67.43,20.83,395.93,42.11
15,300,380,65.4,14.93,392.2,43.63
15,300,400,62.57,16.96,376.27,27.26
15,320,0,35.6,16.23,404.27,47.97
15,320,20,52.67,12.36,451.07,69.07
15,320,40,61.13,21.5,527.87,160.16
15,320,60,73.23,14.38,489.53,102.63
15,320,80,83.33,12.98,474.67,88.5
15,320,100,81.5,14.37,492.93,107.4
15,320,120,88.17,7.33,448.47,68.44
15,320,140,89.03,12.49,475.67,104.37
15,320,160,88.93,10.68,461.13,67.31
15,320,180,95.23,6.89,478.8,79.07
15,320,200,88.2,10.01,446.93,59.21
15,320,220,90.3,8.96,459.33,95.07
15,320,240,88.03,11.74,456.47,46.37
15,320,260,82.4,13.51,412.0,66.35
15,320,280,80.37,11.83,430.53,65.41
15,320,300,84.97,7.97,414.73,38.17
15,320,320,77.07,14.61,424.87,55.03
15,320,340,72.1,15.03,403.2,45.79
15,320,360,69.9,14.91,401.8,42.63
15,320,380,66.9,18.32,389.27,31.91
15,320,400,70.0,13.58,381.73,28.24
15,340,0,31.73,22.53,417.87,48.11
15,340,20,53.53,20.01,448.67,59.69
15,340,40,58.13,25.14,504.2,122.01
15,340,60,76.2,12.31,516.27,143.52
15,340,80,74.67,12.86,502.07,104.39
15,340,100,87.47,11.61,521.87,159.1
15,340,120,86.43,13.24,543.2,104.19
15,340,140,91.7,10.02,500.07,109.96
15,340,160,90.73,10.89,490.8,84.53
15,340,180,93.6,8.82,465.4,84.32
15,340,200,86.6,14.25,480.13,99.33
15,340,220,86.17,13.37,480.8,106.2
15,340,240,85.3,11.32,451.4,62.66
15,340,260,87.87,10.42,448.87,56.72
15,340,280,86.23,11.91,460.53,85.34
15,340,300,81.8,16.33,441.13,77.65
15,340,320,78.2,15.51,419.0,56.53
15,340,340,73.8,16.51,434.2,61.52
15,340,360,77.17,16.98,432.27,80.29
15,340,380,70.2,13.11,435.13,66.35
15,340,400,60.43,14.77,445.4,81.14
15,360,0,30.07,21.36,456.2,97.74
15,360,20,40.0,18.96,495.53,96.31
15,360,40,67.67,19.2,494.0,126.17
15,360,60,69.83,17.46,529.8,165.71
15,360,80,75.9,14.61,477.8,72.47
15,360,100,87.1,13.76,577.0,185.01
15,360,120,80.6,14.91,506.2,65.18
15,360,140,91.37,8.25,526.6,87.36
15,360,160,85.6,11.28,498.93,92.21
15,360,180,91.47,9.77,502.6,71.76
15,360,200,92.7,9.78,447.93,74.52
15,360,220,84.43,12.61,487.73,95.06
15,360,240,89.57,11.26,528.2,119.97
15,360,260,94.23,7.63,459.2,62.8
15,360,280,88.2,10.56,453.4,51.32
15,360,300,89.33,7.55,448.8,50.11
15,360,320,85.6,13.43,459.27,68.76
15,360,340,80.9,19.07,454.33,82.02
15,360,360,75.3,13.31,428.27,62.42
15,360,380,79.87,13.73,450.73,87.44
15,360,400,68.77,20.26,443.13,38.37
15,380,0,34.23,23.11,417.0,51.34
15,380,20,54.6,20.77,439.73,65.92
15,380,40,62.43,17.75,503.07,115.84
15,380,60,69.4,13.83,562.2,116.53
15,380,80,75.0,13.64,518.07,132.97
15,380,100,82.83,14.61,512.93,92.25
15,380,120,83.97,19.47,528.27,130.35
15,380,140,89.27,10.36,490.67,127.6
15,380,160,91.1,9.75,522.27,106.79
15,380,180,96.33,3.24,521.27,90.78
15,380,200,92.9,7.62,526.47,81.69
15,380,220,90.3,13.16,474.33,79.87
15,380,240,90.6,8.61,486.8,94.25
15,380,260,91.7,6.47,449.87,36.11
15,380,280,87.53,15.33,474.13,85.39
15,380,300,90.07,12.71,481.87,84.24
15,380,320,88.63,9.9,513.33,151.79
15,380,340,86.1,11.97,495.67,70.18
15,380,360,83.63,14.05,445.07,91.44
15,380,380,79.5,14.53,458.73,66.66
15,380,400,80.53,17.47,457.27,90.02
15,400,0,21.3,15.3,425.13,49.83
15,400,20,36.23,19.94,460.0,104.26
15,400,40,49.53,22.38,491.53,95.66
15,400,60,67.97,20.94,584.6,116.13
15,400,80,80.23,14.75,527.4,110.67
15,400,100,75.13,16.32,530.93,118.18
15,400,120,84.37,15.3,516.27,107.73
15,400,140,87.67,12.51,581.73,137.53
15,400,160,92.47,6.48,490.93,91.04
15,400,180,90.0,8.97,518.33,78.81
15,400,200,97.0,4.35,481.93,56.14
15,400,220,92.23,9.25,511.73,43.84
15,400,240,94.27,7.1,481.53,57.82
15,400,260,87.57,14.12,478.53,85.89
15,400,280,89.9,9.3,539.4,117.0
15,400,300,92.6,7.36,478.27,66.5
15,400,320,81.77,16.84,464.53,85.72
15,400,340,90.4,18.11,468.13,92.9
15,400,360,85.6,12.49,458.67,58.12
15,400,380,78.93,14.93,495.27,109.35
15,400,400,78.63,15.78,463.67,70.2
20,0,0,9.8,22.76,292.93,25.18
20,0,20,2.37,3.84,287.87,13.48
20,0,40,8.1,10.02,278.47,7.82
20,0,60,12.33,12.14,282.53,11.33
20,0,80,24.77,17.99,277.8,16.98
20,0,100,14.7,13.42,282.93,31.51
20,0,120,21.47,14.42,274.07,6.23
20,0,140,9.67,12.51,274.6,5.64
20,0,160,20.5,21.07,273.27,5.6
20,0,180,13.53,15.27,279.07,7.43
20,0,200,9.77,9.18,277.67,6.72
20,0,220,8.97,11.33,273.0,3.32
20,0,240,12.73,13.04,277.2,4.44
20,0,260,7.9,9.55,279.53,8.23
20,0,280,10.97,12.77,278.4,6.91
20,0,300,6.93,10.94,276.4,5.85
20,0,320,11.6,16.14,278.2,7.57
20,0,340,2.63,3.26,276.93,4.04
20,0,360,6.37,13.25,275.67,4.86
20,0,380,13.87,14.84,280.47,5.95
20,0,400,8.1,13.85,278.73,7.74
20,20,0,8.17,14.15,283.2,8.56
20,20,20,8.73,7.03,291.0,10.8
20,20,40,15.9,12.98,288.07,13.06
20,20,60,28.47,17.75,282.93,10.79
20,20,80,19.2,9.36,283.67,11.67
20,20,100,18.37,13.8,279.4,8.45
20,20,120,20.47,17.57,278.47,7.85
20,20,140,18.6,14.44,280.87,6.31
20,20,160,18.27,16.77,281.8,8.11
20,20,180,13.3,10.59,278.47,6.57
20,20,200,9.9,8.73,280.6,6.24
20,20,220,11.97,12.58,280.8,8.15
20,20,240,13.9,9.37,279.33,7.96
20,20,260,16.97,20.92,285.0,13.04
20,20,280,20.13,15.81,285.93,25.79
20,20,300,12.47,13.44,286.53,13.17
20,20,320,13.1,12.02,280.47,6.57
20,20,340,10.53,10.13,282.93,7.22
20,20,360,16.7,16.9,288.0,21.25
20,20,380,12.83,15.22,280.4,7.55
20,20,400,13.6,16.61,286.0,8.61
20,40,0,34.2,21.57,296.47,21.1
20,40,20,34.67,19.39,301.67,14.01
20,40,40,46.3,21.0,308.27,25.57
20,40,60,40.13,15.33,304.13,49.91
20,40,80,32.73,10.62,289.87,10.34
20,40,100,31.73,17.53,287.67,8.72
20,40,120,26.17,21.48,291.4,25.82
20,40,140,25.13,19.24,284.13,5.03
20,40,160,25.87,17.63,288.67,11.9
20,40,180,20.13,16.04,285.93,7.68
20,40,200,24.5,18.02,292.93,22.84
20,40,220,15.37,14.37,285.0,9.92
20,40,240,23.93,16.09,285.53,8.09
20,40,260,18.87,16.68,282.4,9.24
20,40,280,25.43,16.6,287.53,12.68
20,40,300,20.33,15.44,287.47,7.23
20,40,320,15.67,13.74,282.8,8.0
20,40,340,25.7,20.32,282.0,6.44
20,40,360,12.93,16.53,283.53,11.05
20,40,380,15.2,15.78,282.87,7.12
20,40,400,14.57,16.05,286.0,8.53
20,60,0,37.83,24.32,327.27,97.94
20,60,20,50.33,21.39,302.2,13.8
20,60,40,59.73,19.68,306.53,12.09
20,60,60,57.47,18.53,299.4,12.7
20,60,80,53.17,16.36,297.73,27.27
20,60,100,51.97,16.31,293.33,7.22
20,60,120,37.2,14.24,296.93,23.36
20,60,140,45.5,17.4,295.13,24.42
20,60,160,35.77,15.45,290.8,12.94
20,60,180,29.47,16.98,286.47,11.7
20,60,200,29.47,19.88,287.27,5.81
20,60,220,23.17,19.37,290.47,10.81
20,60,240,20.93,13.79,287.33,6.18
20,60,260,26.07,17.5,290.2,9.14
20,60,280,27.6,20.98,291.13,19.15
20,60,300,21.47,18.06,285.53,8.31
20,60,320,17.27,15.57,286.8,8.64
20,60,340,20.93,15.34,289.27,8.59
20,60,360,16.5,11.2,286.6,6.46
20,60,380,15.47,10.83,290.6,9.57
20,60,400,26.87,18.97,292.13,17.84
20,80,0,56.1,20.13,315.8,17.77
20,80,20,66.27,14.04,318.6,30.73
20,80,40,72.93,12.22,321.53,32.19
20,80,60,70.57,15.85,308.73,11.82
20,80,80,61.37,18.78,298.87,11.19
20,80,100,63.07,14.14,292.47,10.22
20,80,120,58.67,15.97,290.67,7.84
20,80,140,54.47,15.7,293.2,12.69
20,80,160,41.8,14.65,288.6,5.19
20,80,180,42.9,21.81,293.13,9.27
20,80,200,34.5,17.06,292.67,6.22
20,80,220,41.27,14.67,288.07,11.6
20,80,240,23.93,13.69,292.33,11.4
20,80,260,32.87,13.26,297.73,11.1
20,80,280,31.27,13.92,297.47,10.08
20,80,300,26.77,16.7,291.47,10.7
20,80,320,31.9,18.29,296.07,20.59
20,80,340,21.8,15.32,291.07,9.22
20,80,360,19.53,17.67,293.53,8.26
20,80,380,20.57,15.0,294.87,9.84
20,80,400,17.13,11.53,294.13,10.62
20,100,0,49.8,17.49,319.07,13.76
20,100,20,73.1,13.83,331.6,22.1
20,100,40,68.2,17.33,325.4,37.44
20,100,60,75.27,12.05,310.6,17.41
20,100,80,69.43,19.19,308.2,19.62
20,100,100,82.5,7.9,302.47,12.32
20,100,120,67.6,15.73,302.8,24.0
20,100,140,58.9,10.86,296.33,8.23
20,100,160,45.03,14.23,296.93,9.92
20,100,180,47.23,14.83,296.6,10.75
20,100,200,48.9,18.48,298.93,11.63
20,100,220,43.5,18.74,300.33,12.08
20,100,240,38.67,12.27,297.6,8.56
20,100,260,33.37,14.52,297.8,7.34
20,100,280,38.57,16.9,304.27,20.83
20,100,300,26.47,16.54,289.87,11.69
20,100,320,34.77,18.75,297.4,7.51
20,100,340,24.6,14.99,302.87,19.48
20,100,360,29.2,14.69,301.33,23.54
20,100,380,27.73,17.44,300.4,17.79
20,100,400,21.63,13.7,297.33,11.04
20,120,0,42.7,17.39,333.53,43.88
20,120,20,66.47,17.17,337.93,42.92
20,120,40,74.53,18.26,335.6,25.34
20,120,60,73.23,15.11,315.33,15.38
20,120,80,78.9,19.78,317.27,21.8
20,120,100,75.83,12.36,312.4,8.45
20,120,120,75.33,9.97,302.07,10.22
20,120,140,66.83,18.18,301.2,14.59
20,120,160,66.13,15.22,302.27,12.2
20,120,180,58.4,17.79,300.53,11.91
20,120,200,55.17,18.36,300.2,9.17
20,120,220,45.07,24.42,297.53,7.01
20,120,240,42.37,14.0,300.07,12.16
20,120,260,38.9,16.09,297.93,14.09
20,120,280,41.6,14.83,302.87,8.6
20,120,300,31.73,17.52,305.07,13.33
20,120,320,36.17,20.94,299.13,9.57
20,120,340,23.53,13.73,298.93,9.82
20,120,360,32.37,15.75,298.6,8.87
20,120,380,42.47,20.78,301.07,12.74
20,120,400,23.3,18.55,298.67,11.2
20,140,0,35.47,20.12,326.73,12.14
20,140,20,74.5,20.47,334.33,27.18
20,140,40,79.97,11.2,329.0,33.76
20,140,60,88.37,12.39,329.6,28.97
20,140,80,81.2,12.4,320.67,16.76
20,140,100,73.5,18.26,310.33,12.73
20,140,120,77.63,13.14,313.73,14.97
20,140,140,72.4,13.37,308.13,9.16
20,140,160,62.93,17.02,307.13,14.37
20,140,180,62.13,12.75,304.87,14.65
20,140,200,56.83,16.17,304.73,11.66
20,140,220,54.13,15.03,299.53,10.72
20,140,240,52.0,18.57,306.0,10.4
20,140,260,36.23,18.02,299.07,6.6
20,140,280,40.97,18.74,298.07,12.27
20,140,300,34.03,19.81,303.8,18.84
20,140,320,39.0,15.85,301.53,9.42
20,140,340,31.53,17.09,307.67,13.56
20,140,360,42.2,15.64,308.0,16.48
20,140,380,38.0,15.99,304.53,12.35
20,140,400,31.03,15.09,302.8,13.77
20,160,0,41.67,21.09,322.53,16.74
20,160,20,74.07,13.87,363.13,47.05
20,160,40,83.2,13.54,346.07,31.54
20,160,60,90.8,6.34,333.93,20.45
20,160,80,81.87,11.82,330.13,24.49
20,160,100,86.17,9.51,324.07,23.08
20,160,120,82.67,16.79,317.07,16.99
20,160,140,79.1,12.54,307.87,10.89
20,160,160,71.23,16.25,308.93,12.74
20,160,180,67.83,18.12,308.67,8.29
20,160,200,62.97,19.31,309.0,9.3
20,160,220,63.07,13.58,314.87,15.23
20,160,240,56.87,19.06,313.87,18.58
20,160,260,49.47,20.01,306.0,12.5
20,160,280,45.27,19.4,308.27,13.72
20,160,300,48.43,15.07,316.8,19.46
20,160,320,49.8,10.93,305.27,16.77
20,160,340,31.77,13.09,303.93,11.83
20,160,360,33.17,14.95,306.4,14.35
20,160,380,32.77,15.37,309.6,16.03
20,160,400,28.07,15.75,303.4,15.62
20,180,0,52.3,19.55,336.47,20.8
20,180,20,68.5,15.48,344.93,28.62
20,180,40,83.07,12.85,354.13,51.11
20,180,60,88.6,10.09,372.67,62.99
20,180,80,94.57,6.16,360.47,51.64
20,180,100,86.77,14.49,355.8,45.47
20,180,120,79.03,10.78,334.33,40.42
20,180,140,78.7,15.49,321.53,17.32
20,180,160,81.73,16.38,325.33,15.43
20,180,180,78.2,13.83,323.53,22.93
20,180,200,71.87,16.91,319.6,22.72
20,180,220,64.77,16.53,319.67,19.46
20,180,240,51.57,16.13,309.07,13.7
20,180,260,60.27,17.77,315.73,17.83
20,180,280,47.67,19.39,309.87,10.72
20,180,300,47.97,25.28,314.73,10.36
20,180,320,42.4,17.36,320.2,20.75
20,180,340,38.43,12.26,308.2,11.61
20,180,360,29.2,15.58,316.93,19.67
20,180,380,31.5,15.57,305.07,10.81
20,180,400,35.23,21.37,317.33,21.04
20,200,0,42.47,23.1,348.27,53.49
20,200,20,62.1,16.78,360.53,48.47
20,200,40,78.1,19.53,342.2,33.98
20,200,60,91.67,9.3,379.0,63.69
20,200,80,87.37,10.38,357.53,47.7
20,200,100,90.73,8.82,347.2,39.54
20,200,120,89.63,11.72,351.33,47.41
20,200,140,89.9,8.47,338.33,33.53
20,200,160,80.4,16.6,330.47,20.24
20,200,180,77.47,12.22,326.8,15.73
20,200,200,73.2,16.05,321.13,19.69
20,200,220,70.57,16.57,330.8,20.52
20,200,240,67.87,20.08,318.47,20.96
20,200,260,60.73,15.24,320.0,15.85
20,200,280,59.77,22.58,322.73,10.98
20,200,300,53.5,18.52,319.13,18.24
20,200,320,49.03,15.83,328.2,19.0
20,200,340,47.97,12.8,317.4,20.58
20,200,360,52.43,19.99,317.07,16.14
20,200,380,46.3,20.74,319.13,17.51
20,200,400,36.87,19.61,323.07,24.18
20,220,0,49.0,14.58,358.0,50.08
20,220,20,68.3,24.29,401.93,153.66
20,220,40,76.07,14.86,381.8,92.7
20,220,60,89.73,9.64,362.27,38.37
20,220,80,92.87,9.64,359.73,42.45
20,220,100,94.27,8.36,366.07,52.8
20,220,120,90.87,14.24,359.53,41.5
20,220,140,93.47,7.31,353.87,30.46
20,220,160,89.0,11.97,344.93,43.03
20,220,180,88.63,8.0,351.73,31.74
20,220,200,79.0,11.54,339.6,22.7
20,220,220,77.87,12.69,337.33,25.41
20,220,240,75.03,15.75,337.27,23.09
20,220,260,59.43,18.56,331.2,23.91
20,220,280,55.5,22.72,324.67,18.7
20,220,300,57.4,11.88,336.73,29.81
20,220,320,51.9,12.92,335.47,32.78
20,220,340,44.53,22.54,331.4,30.62
20,220,360,43.17,12.81,319.87,16.97
20,220,380,44.53,20.6,321.13,17.67
20,220,400,43.7,22.65,321.47,20.99
20,240,0,47.73,18.46,360.8,50.18
20,240,20,62.9,19.03,400.0,67.67
20,240,40,80.0,11.33,410.47,91.29
20,240,60,87.23,13.93,363.27,30.83
20,240,80,96.93,4.46,410.6,75.16
20,240,100,94.2,8.07,380.6,49.63
20,240,120,92.2,9.25,348.27,21.39
20,240,140,94.07,7.91,361.87,32.56
20,240,160,93.2,8.77,395.53,64.96
20,240,180,86.03,11.66,365.87,63.23
20,240,200,87.6,17.27,349.53,25.71
20,240,220,74.03,14.34,335.07,32.05
20,240,240,74.87,18.77,343.4,30.71
20,240,260,69.73,16.93,325.73,20.01
20,240,280,62.83,13.51,335.0,19.77
20,240,300,48.37,14.95,333.2,25.32
20,240,320,50.2,20.4,332.2,20.03
20,240,340,56.7,18.94,346.73,39.44
20,240,360,46.8,20.9,326.0,13.63
20,240,380,47.97,17.88,325.47,27.64
20,240,400,47.2,22.91,330.33,22.65
20,260,0,43.27,18.39,358.47,34.4
20,260,20,72.13,16.74,404.6,83.89
20,260,40,88.07,11.65,376.8,66.9
20,260,60,89.97,10.89,398.6,62.51
20,260,80,97.53,3.25,380.33,51.49
20,260,100,97.23,6.68,362.67,29.25
20,260,120,98.23,3.59,396.07,67.78
20,260,140,95.0,7.35,387.87,77.63
20,260,160,92.9,7.67,376.4,54.06
20,260,180,88.1,14.21,369.87,51.69
20,260,200,84.67,13.51,380.73,69.47
20,260,220,84.3,12.23,342.67,25.67
20,260,240,75.43,20.56,359.0,42.32
20,260,260,76.1,17.02,369.0,40.64
20,260,280,59.73,20.87,349.07,45.3
20,260,300,69.6,22.19,347.93,40.9
20,260,320,57.63,16.21,364.73,27.27
20,260,340,54.23,17.61,340.53,23.57
20,260,360,56.93,17.23,351.8,59.06
20,260,380,51.87,21.06,342.13,28.51
20,260,400,41.03,18.46,348.73,54.41
20,280,0,49.0,16.64,349.53,24.41
20,280,20,59.33,18.86,389.53,73.94
20,280,40,81.53,14.0,400.13,49.18
20,280,60,85.57,13.45,417.07,56.8
20,280,80,93.53,8.07,422.07,79.74
20,280,100,97.17,8.61,413.0,70.35
20,280,120,94.7,10.83,416.87,92.01
20,280,140,96.8,11.57,375.27,51.61
20,280,160,98.03,3.11,386.33,76.67
20,280,180,92.73,9.26,361.93,27.86
20,280,200,94.0,7.87,408.87,55.07
20,280,220,88.27,15.33,388.27,47.55
20,280,240,89.0,5.06,379.6,53.69
20,280,260,80.0,15.03,344.4,32.6
20,280,280,75.27,20.77,364.73,30.3
20,280,300,72.73,14.77,354.13,28.25
20,280,320,68.63,16.72,353.67,35.22
20,280,340,50.93,19.63,355.73,46.51
20,280,360,64.03,15.11,372.73,39.17
20,280,380,50.07,14.24,337.33,19.84
20,280,400,52.77,15.98,362.33,43.8
20,300,0,38.93,19.53,369.33,36.28
20,300,20,64.1,18.54,432.2,113.4
20,300,40,83.67,13.48,403.4,77.57
20,300,60,79.67,17.95,429.8,86.1
20,300,80,97.13,4.41,415.0,77.24
20,300,100,96.73,5.43,414.2,60.32
20,300,120,96.67,5.62,401.33,56.74
20,300,140,98.2,6.19,430.4,62.02
20,300,160,97.37,7.76,408.0,68.89
20,300,180,96.07,6.29,407.53,78.7
20,300,200,97.63,5.04,421.0,63.75
20,300,220,91.57,14.13,404.8,81.85
20,300,240,86.3,13.44,416.4,81.94
20,300,260,85.2,11.92,383.6,58.82
20,300,280,74.83,16.22,380.87,55.03
20,300,300,75.97,10.49,388.47,68.89
20,300,320,62.33,15.28,367.8,40.46
20,300,340,62.03,14.05,366.13,56.46
20,300,360,55.53,19.89,361.8,51.45
20,300,380,57.87,15.15,362.13,43.0
20,300,400,60.67,16.6,346.0,40.34
20,320,0,39.73,16.84,362.33,44.63
20,320,20,69.43,15.56,436.53,108.15
20,320,40,74.57,20.04,437.93,62.52
20,320,60,86.07,12.74,440.73,103.87
20,320,80,92.17,7.68,480.13,140.97
20,320,100,94.57,7.3,416.0,66.25
20,320,120,97.77,7.05,447.07,58.37
20,320,140,99.33,2.45,424.47,77.03
20,320,160,98.73,2.62,397.47,44.95
20,320,180,97.27,5.38,419.27,61.52
20,320,200,94.53,9.7,389.6,32.25
20,320,220,90.93,9.87,412.4,69.07
20,320,240,87.9,14.44,409.73,77.79
20,320,260,82.6,15.15,407.27,80.69
20,320,280,83.93,16.17,430.33,70.94
20,320,300,80.8,11.81,403.87,62.92
20,320,320,76.17,14.11,380.67,54.43
20,320,340,66.8,15.42,392.0,51.71
20,320,360,69.27,18.85,380.27,40.1
20,320,380,63.13,21.48,403.0,76.92
20,320,400,59.57,21.3,389.73,62.31
20,340,0,40.93,19.63,365.27,34.44
20,340,20,67.0,20.13,429.13,84.37
20,340,40,81.03,15.35,402.4,53.8
20,340,60,86.07,14.81,432.0,75.03
20,340,80,87.67,12.93,426.8,50.04
20,340,100,93.67,9.78,410.13,67.96
20,340,120,98.5,2.99,421.53,50.65
20,340,140,98.87,2.02,379.2,34.98
20,340,160,100.0,0.0,441.93,83.63
20,340,180,99.03,1.22,412.6,74.63
20,340,200,97.1,7.17,440.6,75.76
20,340,220,98.17,2.52,397.27,50.9
20,340,240,94.37,6.38,402.4,72.21
20,340,260,93.0,9.33,416.47,50.64
20,340,280,85.87,12.09,422.4,77.24
20,340,300,82.9,16.09,427.0,66.62
20,340,320,73.8,19.15,388.4,60.56
20,340,340,78.63,12.07,387.07,35.32
20,340,360,72.27,20.81,405.4,72.56
20,340,380,58.9,7.36,386.53,57.07
20,340,400,60.7,15.35,377.8,46.81
20,360,0,36.93,19.89,378.2,54.56
20,360,20,64.17,20.34,446.93,109.87
20,360,40,78.83,15.59,447.33,79.78
20,360,60,88.4,12.86,422.13,52.32
20,360,80,90.47,12.96,473.4,116.96
20,360,100,94.77,6.59,491.4,143.49
20,360,120,94.03,10.1,417.53,59.24
20,360,140,98.93,2.91,431.4,71.46
20,360,160,99.67,0.88,444.87,77.0
20,360,180,100.0,0.0,438.4,64.63
20,360,200,94.83,10.93,450.67,83.33
20,360,220,99.67,0.65,441.6,84.83
20,360,240,98.07,3.39,438.2,50.33
20,360,260,95.23,8.73,431.07,93.93
20,360,280,96.07,8.13,445.2,86.73
20,360,300,86.2,12.06,421.0,67.18
20,360,320,86.3,13.32,427.93,80.83
20,360,340,75.4,20.17,428.2,85.5
20,360,360,69.3,17.66,364.13,45.51
20,360,380,72.8,17.75,414.33,61.24
20,360,400,69.97,16.16,419.8,57.74
20,380,0,29.03,17.34,364.0,57.08
20,380,20,65.2,19.56,443.13,110.16
20,380,40,77.7,20.06,438.4,78.35
20,380,60,83.53,18.58,478.6,121.12
20,380,80,91.13,13.36,488.47,112.26
20,380,100,93.2,7.74,445.53,69.79
20,380,120,94.9,8.02,459.53,79.05
20,380,140,99.83,0.36,444.33,89.82
20,380,160,99.1,1.62,450.8,114.65
20,380,180,97.83,6.81,450.8,68.79
20,380,200,96.63,4.89,437.93,83.36
20,380,220,99.3,2.03,467.8,89.42
20,380,240,98.5,3.96,467.27,68.57
20,380,260,98.73,3.15,445.07,74.21
20,380,280,92.73,12.15,453.93,69.01
20,380,300,90.47,9.84,436.13,61.63
20,380,320,89.8,10.89,465.53,75.63
20,380,340,83.83,13.12,437.27,80.59
20,380,360,76.4,12.97,410.0,55.05
20,380,380,77.73,10.95,427.73,85.34
20,380,400,74.23,11.55,420.87,85.2
20,400,0,32.87,19.3,399.07,83.44
20,400,20,58.13,15.38,473.47,117.28
20,400,40,70.93,22.89,460.47,75.25
20,400,60,85.33,18.79,467.6,86.13
20,400,80,89.93,11.96,516.13,140.97
20,400,100,95.73,7.01,474.13,75.58
20,400,120,96.6,7.62,488.87,120.42
20,400,140,96.47,5.11,505.53,95.14
20,400,160,99.17,2.21,469.33,114.61
20,400,180,99.7,0.65,458.07,67.41
20,400,200,97.53,7.03,451.47,86.6
20,400,220,98.67,2.48,505.73,130.12
20,400,240,95.97,7.7,439.27,95.7
20,400,260,93.07,17.8,477.67,95.06
20,400,280,90.4,16.43,471.07,99.19
20,400,300,88.17,10.73,432.4,67.49
20,400,320,95.17,6.45,462.33,75.7
20,400,340,83.13,18.04,443.53,82.32
20,400,360,76.53,23.17,459.87,96.5
20,400,380,74.23,17.32,430.07,82.31
20,400,400,80.03,16.06,443.2,78.73
25,0,0,4.37,9.38,266.6,3.56
25,0,20,6.53,15.53,271.73,8.08
25,0,40,21.97,24.51,264.0,4.54
25,0,60,18.9,14.24,259.87,3.02
25,0,80,15.53,13.84,261.47,5.93
25,0,100,20.07,12.51,262.33,7.56
25,0,120,17.93,16.18,264.53,6.82
25,0,140,23.27,18.18,261.0,3.74
25,0,160,19.7,16.65,262.33,5.21
25,0,180,18.03,15.09,265.07,5.81
25,0,200,14.67,16.16,262.8,4.9
25,0,220,18.8,18.53,265.2,8.18
25,0,240,19.73,19.1,263.13,4.22
25,0,260,14.67,18.05,261.73,4.32
25,0,280,9.17,13.68,267.07,5.68
25,0,300,10.6,14.21,265.73,7.16
25,0,320,13.83,16.49,265.13,6.55
25,0,340,13.13,18.7,265.8,7.23
25,0,360,12.33,19.09,267.33,6.18
25,0,380,18.8,19.64,267.87,6.29
25,0,400,13.93,17.54,267.93,4.53
25,20,0,5.5,12.61,269.2,2.96
25,20,20,23.4,18.76,271.87,7.02
25,20,40,21.5,13.73,272.0,10.66
25,20,60,26.77,15.64,270.73,6.32
25,20,80,27.03,16.64,266.87,8.93
25,20,100,29.27,16.68,269.27,5.2
25,20,120,23.87,17.16,265.27,8.04
25,20,140,25.37,17.14,266.4,4.42
25,20,160,23.67,19.55,266.2,9.89
25,20,180,27.3,19.81,267.73,9.04
25,20,200,17.33,14.28,270.73,10.19
25,20,220,10.13,11.44,264.2,6.27
25,20,240,19.63,17.91,266.53,7.88
25,20,260,17.4,15.4,269.6,8.69
25,20,280,11.57,9.45,270.6,7.7
25,20,300,18.13,13.87,271.53,10.28
25,20,320,11.23,8.29,268.87,8.24
25,20,340,13.5,14.29,270.33,7.73
25,20,360,5.7,5.67,272.6,9.33
25,20,380,21.2,19.64,269.13,7.23
25,20,400,22.17,20.51,271.13,8.48
25,40,0,29.57,25.45,276.93,14.35
25,40,20,50.07,22.88,287.53,18.59
25,40,40,58.77,18.68,279.67,10.77
25,40,60,48.2,17.44,278.73,11.49
25,40,80,35.67,16.91,272.67,8.35
25,40,100,31.37,18.62,272.8,9.33
25,40,120,26.93,16.57,271.33,9.57
25,40,140,32.9,16.33,276.13,11.53
25,40,160,24.57,15.56,273.27,8.34
25,40,180,23.43,15.59,273.87,7.94
25,40,200,24.13,17.0,273.53,10.88
25,40,220,20.37,12.69,276.53,7.63
25,40,240,21.2,14.45,270.93,7.13
25,40,260,18.73,12.51,272.93,8.43
25,40,280,12.8,13.5,276.73,9.41
25,40,300,14.83,12.35,273.47,8.18
25,40,320,16.27,12.33,273.73,11.11
25,40,340,17.4,18.76,269.2,7.22
25,40,360,15.63,13.97,277.4,10.06
25,40,380,13.3,16.51,275.47,8.51
25,40,400,21.27,18.43,274.0,10.2
25,60,0,51.53,14.56,285.67,11.77
25,60,20,70.6,13.58,288.6,15.11
25,60,40,67.87,20.74,292.47,15.51
25,60,60,59.63,14.49,280.27,9.72
25,60,80,58.07,16.94,279.0,7.92
25,60,100,46.47,18.09,278.47,7.72
25,60,120,42.1,20.59,278.8,7.73
25,60,140,41.1,19.05,276.8,10.81
25,60,160,33.97,19.29,275.6,7.09
25,60,180,36.63,14.92,272.47,8.05
25,60,200,40.87,19.82,277.53,6.99
25,60,220,21.03,16.96,277.73,9.5
25,60,240,22.37,10.98,275.73,7.23
25,60,260,25.67,12.11,278.07,6.86
25,60,280,23.67,16.49,278.27,9.76
25,60,300,16.13,11.78,272.67,5.65
25,60,320,27.47,15.8,276.2,9.01
25,60,340,28.37,24.24,272.0,6.77
25,60,360,26.0,20.7,276.13,8.16
25,60,380,14.93,14.18,278.53,8.88
25,60,400,24.73,11.6,282.8,16.74
25,80,0,58.0,15.06,292.47,12.08
25,80,20,72.53,18.28,296.07,16.49
25,80,40,74.47,12.97,288.2,14.08
25,80,60,80.97,11.85,291.47,11.88
25,80,80,60.97,17.67,282.67,12.6
25,80,100,68.97,18.86,280.73,9.79
25,80,120,56.47,18.0,282.93,22.11
25,80,140,49.07,18.29,280.07,13.56
25,80,160,40.4,13.2,279.67,9.29
25,80,180,44.03,18.32,280.33,9.94
25,80,200,45.53,16.01,275.93,7.54
25,80,220,31.33,14.42,282.0,10.11
25,80,240,32.27,14.79,280.93,24.43
25,80,260,32.3,15.33,279.53,11.38
25,80,280,34.57,14.84,283.8,12.53
25,80,300,28.1,19.82,276.0,7.11
25,80,320,27.67,18.92,280.53,8.76
25,80,340,25.13,12.94,282.93,7.13
25,80,360,25.3,23.45,281.0,10.95
25,80,380,23.83,16.17,278.8,8.49
25,80,400,17.67,12.47,279.0,11.8
25,100,0,55.83,19.85,298.13,17.48
25,100,20,72.5,15.33,301.6,14.1
25,100,40,83.33,11.7,292.87,14.33
25,100,60,83.73,11.19,293.27,16.51
25,100,80,77.57,13.67,285.4,11.0
25,100,100,75.07,14.47,280.53,8.92
25,100,120,59.17,19.82,282.33,10.33
25,100,140,60.07,16.21,283.4,7.13
25,100,160,50.97,16.44,283.27,13.87
25,100,180,50.17,14.43,281.07,7.9
25,100,200,44.2,16.31,285.2,8.63
25,100,220,44.83,12.58,279.2,5.09
25,100,240,33.07,20.1,283.47,8.96
25,100,260,32.93,17.53,279.6,6.06
25,100,280,33.3,16.12,283.93,7.96
25,100,300,33.1,15.64,277.93,9.66
25,100,320,29.17,19.39,279.8,11.85
25,100,340,26.83,16.34,284.33,9.1
25,100,360,31.53,17.86,288.0,8.67
25,100,380,27.7,12.91,280.6,7.7
25,100,400,27.63,17.31,283.33,15.14
25,120,0,47.47,26.11,311.0,26.24
25,120,20,77.9,18.45,319.93,55.87
25,120,40,88.33,12.4,309.0,15.26
25,120,60,84.6,11.1,299.73,15.19
25,120,80,82.7,13.51,292.67,14.94
25,120,100,75.2,15.77,283.27,7.43
25,120,120,73.2,20.42,289.67,14.01
25,120,140,74.27,11.29,286.8,8.29
25,120,160,60.97,16.51,283.27,8.25
25,120,180,44.63,17.54,283.67,9.72
25,120,200,55.13,9.79,279.4,4.76
25,120,220,47.3,15.94,284.47,11.21
25,120,240,40.7,17.45,288.87,9.87
25,120,260,30.13,18.86,284.73,8.0
25,120,280,36.3,16.53,285.0,9.28
25,120,300,37.8,19.85,288.53,9.44
25,120,320,31.9,25.3,279.07,15.82
25,120,340,28.73,16.81,285.53,12.68
25,120,360,37.8,12.26,282.47,9.37
25,120,380,25.4,18.91,287.0,10.56
25,120,400,19.5,12.85,286.33,8.38
25,140,0,45.83,16.0,311.93,17.78
25,140,20,83.07,10.65,316.33,16.35
25,140,40,89.1,11.08,319.33,13.34
25,140,60,88.63,11.4,302.07,14.5
25,140,80,88.33,8.25,297.8,11.8
25,140,100,85.5,12.28,295.0,14.22
25,140,120,77.07,12.6,282.0,10.54
25,140,140,77.7,12.43,296.8,10.11
25,140,160,67.6,18.17,287.53,9.15
25,140,180,60.9,18.48,291.67,14.5
25,140,200,52.67,18.84,287.27,12.55
25,140,220,50.83,19.21,287.93,7.64
25,140,240,35.97,17.59,281.4,9.95
25,140,260,36.07,18.75,282.8,8.39
25,140,280,36.87,18.28,293.47,13.34
25,140,300,39.27,16.46,285.47,11.4
25,140,320,29.77,12.24,288.27,12.22
25,140,340,35.87,15.5,292.67,12.58
25,140,360,27.2,20.37,287.33,11.67
25,140,380,32.23,20.08,282.93,12.75
25,140,400,31.87,12.78,290.47,16.36
25,160,0,40.4,17.08,306.4,17.7
25,160,20,78.97,15.82,317.53,17.65
25,160,40,90.1,9.88,330.13,30.91
25,160,60,92.2,7.14,311.6,24.57
25,160,80,92.43,10.32,308.27,20.99
25,160,100,87.87,11.55,300.47,17.24
25,160,120,84.73,18.77,295.67,9.93
25,160,140,79.97,15.04,301.47,17.28
25,160,160,70.97,19.42,300.87,16.34
25,160,180,72.67,14.43,288.07,14.54
25,160,200,61.7,20.81,294.07,13.3
25,160,220,57.2,19.19,290.33,8.84
25,160,240,54.0,19.22,290.2,8.15
25,160,260,39.37,18.85,290.13,13.66
25,160,280,41.13,19.61,295.87,15.21
25,160,300,48.97,23.21,300.73,14.97
25,160,320,40.3,18.08,300.4,13.2
25,160,340,44.0,12.01,286.67,13.28
25,160,360,40.67,18.06,289.2,12.84
25,160,380,32.57,18.65,290.73,15.56
25,160,400,27.5,19.92,299.87,17.06
25,180,0,42.3,16.76,326.93,34.03
25,180,20,73.57,17.05,351.27,77.66
25,180,40,86.97,13.06,324.27,28.06
25,180,60,91.17,8.9,318.27,30.46
25,180,80,96.27,5.91,322.53,37.79
25,180,100,94.23,9.99,319.2,22.81
25,180,120,86.47,13.47,304.8,22.09
25,180,140,81.53,18.03,306.53,16.33
25,180,160,82.7,16.22,307.8,26.4
25,180,180,72.53,16.11,297.87,15.0
25,180,200,72.33,18.7,303.4,15.82
25,180,220,64.87,12.53,303.07,17.46
25,180,240,58.73,21.12,298.93,11.47
25,180,260,47.2,17.81,297.0,11.47
25,180,280,43.27,16.62,296.53,20.0
25,180,300,48.37,11.68,292.87,14.99
25,180,320,37.67,20.37,299.2,17.42
25,180,340,37.53,19.29,300.13,18.1
25,180,360,46.07,19.32,295.33,23.08
25,180,380,39.6,20.26,304.13,28.31
25,180,400,37.37,20.22,299.67,20.56
25,200,0,49.4,19.61,321.4,34.99
25,200,20,80.57,13.48,329.0,24.78
25,200,40,88.7,9.85,329.47,33.17
25,200,60,95.47,5.61,328.13,30.39
25,200,80,96.3,6.5,324.33,31.96
25,200,100,95.93,3.76,327.73,24.59
25,200,120,90.47,13.76,320.47,25.18
25,200,140,91.97,9.05,320.4,24.2
25,200,160,85.1,13.25,317.2,14.95
25,200,180,82.17,11.68,311.33,22.36
25,200,200,73.13,17.8,306.27,19.45
25,200,220,69.47,19.68,307.13,12.76
25,200,240,65.4,18.45,303.33,25.0
25,200,260,60.0,19.16,303.07,18.83
25,200,280,45.7,15.61,309.73,22.7
25,200,300,41.9,20.21,302.13,23.56
25,200,320,42.77,14.48,307.2,17.43
25,200,340,44.0,20.61,310.6,28.48
25,200,360,42.83,16.27,299.47,10.86
25,200,380,34.47,15.13,310.27,27.26
25,200,400,38.43,20.73,304.8,18.77
25,220,0,39.63,14.81,328.13,39.19
25,220,20,70.6,16.53,356.8,64.18
25,220,40,92.63,7.99,351.73,57.64
25,220,60,95.17,7.4,350.13,42.21
25,220,80,96.87,4.78,352.6,57.02
25,220,100,93.37,10.45,339.87,39.73
25,220,120,98.6,2.97,339.53,30.92
25,220,140,90.53,10.97,324.67,27.57
25,220,160,93.57,8.98,341.27,42.42
25,220,180,84.83,15.64,322.47,27.99
25,220,200,86.67,11.05,332.27,34.29
25,220,220,70.67,18.04,320.8,19.28
25,220,240,64.33,21.55,313.13,28.01
25,220,260,57.2,17.02,328.73,64.56
25,220,280,58.3,20.59,312.4,21.48
25,220,300,53.2,18.95,316.07,22.72
25,220,320,45.33,18.91,309.73,16.79
25,220,340,49.73,19.1,304.2,24.12
25,220,360,40.53,22.66,320.73,22.02
25,220,380,37.1,19.29,310.13,21.34
25,220,400,34.5,16.13,317.13,40.69
25,240,0,46.13,22.44,330.67,30.26
25,240,20,76.23,16.62,347.27,35.03
25,240,40,91.6,8.68,386.0,94.27
25,240,60,96.27,5.91,371.0,75.65
25,240,80,99.13,2.74,356.67,59.59
25,240,100,96.97,7.59,344.27,49.69
25,240,120,97.97,4.93,351.8,48.94
25,240,140,95.37,6.59,348.67,46.62
25,240,160,94.93,5.79,342.6,47.29
25,240,180,94.47,8.1,339.13,36.89
25,240,200,82.77,17.06,323.27,27.17
25,240,220,84.8,13.31,327.07,28.49
25,240,240,72.77,16.76,320.13,37.62
25,240,260,73.6,14.34,328.07,28.96
25,240,280,59.3,16.22,319.2,44.28
25,240,300,60.4,14.93,319.4,24.59
25,240,320,53.07,17.1,333.6,41.43
25,240,340,48.53,17.79,310.67,23.41
25,240,360,49.2,29.19,317.07,28.91
25,240,380,48.27,22.47,329.13,35.17
25,240,400,44.57,19.76,307.93,18.2
25,260,0,39.47,21.98,334.2,43.68
25,260,20,76.2,17.39,406.73,81.04
25,260,40,86.57,14.72,389.73,74.15
25,260,60,96.87,5.29,376.53,53.89
25,260,80,98.3,2.91,334.4,24.81
25,260,100,98.8,4.65,353.73,50.68
25,260,120,96.2,13.9,348.2,44.11
25,260,140,98.5,3.7,370.27,75.03
25,260,160,94.77,9.77,351.73,35.66
25,260,180,96.67,4.4,349.8,50.07
25,260,200,89.03,13.96,349.87,34.16
25,260,220,89.8,11.3,355.0,40.39
25,260,240,76.23,15.44,352.2,47.58
25,260,260,73.47,20.26,349.0,34.68
25,260,280,71.07,13.43,341.47,41.86
25,260,300,63.47,26.65,321.07,21.93
25,260,320,61.2,22.36,313.33,26.1
25,260,340,51.93,22.23,325.27,39.23
25,260,360,53.13,16.01,321.67,27.23
25,260,380,40.5,19.9,323.33,25.31
25,260,400,42.67,20.12,314.2,28.8
25,280,0,48.7,20.99,329.27,30.71
25,280,20,78.57,12.02,383.53,73.93
25,280,40,86.4,16.05,440.8,101.55
25,280,60,97.07,3.9,398.33,118.18
25,280,80,99.33,2.45,370.27,52.32
25,280,100,98.3,5.28,346.47,46.73
25,280,120,99.9,0.39,339.27,46.71
25,280,140,97.23,7.2,369.13,55.73
25,280,160,97.13,7.74,373.93,51.04
25,280,180,94.87,8.53,386.6,65.72
25,280,200,93.5,10.2,350.6,57.56
25,280,220,90.83,11.07,362.67,41.07
25,280,240,86.2,13.73,339.47,36.31
25,280,260,80.4,13.28,377.33,49.19
25,280,280,71.67,24.2,349.6,40.1
25,280,300,65.4,22.43,342.0,65.49
25,280,320,73.1,12.45,341.6,33.35
25,280,340,59.23,17.48,336.87,28.26
25,280,360,54.57,12.22,322.2,25.02
25,280,380,51.3,17.77,335.47,35.06
25,280,400,54.87,26.22,350.67,47.68
25,300,0,40.07,14.48,330.8,31.32
25,300,20,72.5,14.38,357.27,48.58
25,300,40,83.67,13.47,386.8,75.11
25,300,60,96.2,9.35,404.73,72.58
25,300,80,99.6,1.55,371.67,48.33
25,300,100,99.27,1.97,354.93,32.49
25,300,120,96.77,7.5,363.6,69.29
25,300,140,99.73,1.03,354.73,51.02
25,300,160,97.6,8.38,382.47,73.23
25,300,180,97.23,7.05,384.4,96.54
25,300,200,96.3,8.0,373.53,57.19
25,300,220,92.43,8.75,364.0,33.85
25,300,240,83.6,14.7,355.4,35.91
25,300,260,85.9,12.81,383.4,73.87
25,300,280,73.37,14.86,374.13,62.37
25,300,300,74.57,21.38,348.13,58.87
25,300,320,73.57,18.77,348.2,29.14
25,300,340,64.73,22.06,350.8,35.73
25,300,360,60.83,23.06,348.6,36.15
25,300,380,56.4,18.66,342.07,41.0
25,300,400,55.23,13.42,348.93,57.46
25,320,0,40.27,23.14,328.87,22.04
25,320,20,72.87,15.19,429.87,132.92
25,320,40,91.47,9.03,430.0,125.55
25,320,60,96.73,5.07,414.87,77.81
25,320,80,100.0,0.0,401.13,68.08
25,320,100,99.4,2.06,363.47,64.3
25,320,120,99.5,1.35,363.8,44.33
25,320,140,99.87,0.52,376.13,58.29
25,320,160,100.0,0.0,384.53,48.06
25,320,180,99.13,2.85,406.8,54.64
25,320,200,99.7,0.84,413.13,72.64
25,320,220,88.7,17.41,375.87,41.46
25,320,240,86.23,14.01,363.2,34.74
25,320,260,93.87,9.24,395.73,65.31
25,320,280,80.43,12.91,395.0,124.31
25,320,300,82.87,14.46,379.07,54.0
25,320,320,68.97,19.6,357.53,36.08
25,320,340,68.63,16.32,357.87,48.89
25,320,360,60.57,16.15,357.4,62.37
25,320,380,58.5,27.08,404.07,104.89
25,320,400,60.9,16.85,335.93,37.37
25,340,0,42.5,16.79,343.6,43.39
25,340,20,66.63,23.95,399.53,95.45
25,340,40,84.1,15.79,442.53,93.43
25,340,60,90.57,10.45,388.27,57.9
25,340,80,97.33,5.48,414.6,103.48
25,340,100,99.2,2.31,390.07,76.92
25,340,120,100.0,0.0,368.27,51.26
25,340,140,99.03,3.74,378.0,47.97
25,340,160,97.8,6.04,368.33,48.58
25,340,180,99.97,0.13,370.87,45.96
25,340,200,99.77,0.9,378.6,36.79
25,340,220,95.17,9.25,442.27,89.0
25,340,240,96.8,8.43,424.67,108.8
25,340,260,83.2,14.72,394.2,47.54
25,340,280,75.53,20.94,415.93,86.74
25,340,300,81.23,13.53,405.67,60.21
25,340,320,77.6,13.15,404.33,87.97
25,340,340,78.3,13.96,380.93,43.04
25,340,360,60.6,22.31,361.0,69.6
25,340,380,60.6,22.73,364.07,52.12
25,340,400,55.37,21.4,350.53,38.86
25,360,0,38.2,18.63,332.87,26.4
25,360,20,71.97,18.81,380.67,61.53
25,360,40,86.47,14.25,455.13,102.17
25,360,60,91.27,10.55,496.47,150.1
25,360,80,98.83,3.03,462.4,97.71
25,360,100,98.03,4.04,398.0,49.8
25,360,120,99.5,0.98,394.0,64.39
25,360,140,100.0,0.0,366.47,51.5
25,360,160,99.0,3.61,394.73,79.63
25,360,180,95.33,14.48,392.67,52.51
25,360,200,100.0,0.0,396.8,69.55
25,360,220,99.13,2.03,375.87,45.62
25,360,240,98.67,2.26,437.2,61.17
25,360,260,95.67,6.54,461.73,98.83
25,360,280,87.37,21.22,386.6,60.78
25,360,300,86.23,11.89,414.4,71.81
25,360,320,81.1,13.72,397.93,71.3
25,360,340,69.7,24.59,384.8,96.9
25,360,360,74.43,15.99,373.0,116.3
25,360,380,71.5,15.49,367.4,67.36
25,360,400,60.03,20.55,354.0,27.65
25,380,0,44.33,20.31,385.13,85.25
25,380,20,68.67,20.32,388.53,68.97
25,380,40,88.67,8.84,415.0,97.34
25,380,60,90.57,12.3,472.47,113.02
25,380,80,94.33,8.86,418.93,80.95
25,380,100,99.83,0.45,396.0,75.08
25,380,120,99.33,2.58,401.13,87.46
25,380,140,99.93,0.26,385.87,53.61
25,380,160,99.57,1.18,385.33,46.36
25,380,180,99.83,0.65,397.07,66.36
25,380,200,98.43,5.14,407.6,78.33
25,380,220,99.93,0.26,447.8,81.09
25,380,240,96.7,5.03,462.4,138.01
25,380,260,93.87,9.33,417.0,54.6
25,380,280,92.6,8.45,462.87,93.79
25,380,300,89.53,11.83,428.67,64.03
25,380,320,83.47,16.86,417.13,87.2
25,380,340,80.03,13.62,395.6,66.55
25,380,360,78.2,14.75,417.73,63.1
25,380,380,67.87,18.76,396.67,57.33
25,380,400,65.5,12.57,391.13,59.4
25,400,0,25.9,15.14,359.27,55.14
25,400,20,73.07,13.91,416.87,87.13
25,400,40,88.77,12.6,426.4,109.52
25,400,60,92.9,10.1,453.53,101.46
25,400,80,95.7,5.38,425.47,105.75
25,400,100,98.97,2.01,470.53,90.12
25,400,120,98.87,2.7,422.07,88.68
25,400,140,99.53,1.67,386.27,56.53
25,400,160,99.17,2.72,375.4,69.8
25,400,180,99.0,3.36,387.47,72.56
25,400,200,97.6,8.13,426.6,67.52
25,400,220,97.57,8.09,401.47,53.16
25,400,240,96.33,8.0,427.33,86.81
25,400,260,98.4,3.11,434.2,70.68
25,400,280,92.03,11.17,403.73,53.4
25,400,300,92.37,13.9,437.13,72.21
25,400,320,88.4,10.97,410.93,74.72
25,400,340,84.1,12.02,399.93,62.31
25,400,360,81.3,15.21,413.4,51.35
25,400,380,70.4,23.97,434.4,81.91
25,400,400,66.9,23.5,396.4,104.83
